Timestamp,Satellite 1,Satellite 2,Distance (m),Streak,Risk Score,Latitude,Longitude
2026-01-03 12:48:42+00:00,STARLINK-1060,STARLINK-1068,44650.39,1,4.479143874356431e-05,-51.65431707749836,99.18020400638868
2026-01-03 12:48:43+00:00,STARLINK-1131,STARLINK-1166,44476.75,1,4.4966303376407305e-05,43.20067999077941,63.97452288589984
2026-01-03 12:48:43+00:00,STARLINK-1166,STARLINK-1169,39359.07,1,5.0812917761579184e-05,43.13798454792133,63.57876721333054
2026-01-03 12:48:43+00:00,STARLINK-1167,STARLINK-1153,31777.86,1,6.293491962896089e-05,-52.24655788655079,162.6513528706909
2026-01-03 12:58:42+00:00,STARLINK-1060,STARLINK-1068,37120.58,2,8.081552563226026e-05,-46.11922710976215,154.58496679926006
2026-01-03 12:58:43+00:00,STARLINK-1166,STARLINK-1169,31444.63,2,9.54027634364457e-05,16.594981691027158,92.65681104894873
2026-01-03 12:58:43+00:00,STARLINK-1167,STARLINK-1153,25381.45,2,0.00011819190030907181,-44.80028081314808,-142.85105603389897
2026-01-03 13:08:42+00:00,STARLINK-1060,STARLINK-1068,38609.48,3,0.00010359881565833938,-20.96617989004765,-173.5517187822035
2026-01-03 13:08:43+00:00,STARLINK-1166,STARLINK-1169,31146.69,3,0.00012842043824116652,-13.482482623945286,113.32893737508432
2026-01-03 13:08:43+00:00,STARLINK-1167,STARLINK-1153,20307.6,3,0.00019696089341461254,-19.000967999432937,-112.34574910010728
2026-01-03 13:18:42+00:00,STARLINK-1060,STARLINK-1068,40434.76,4,0.00012365292503467226,8.99729669690138,-152.63366965270845
2026-01-03 13:18:43+00:00,STARLINK-1131,STARLINK-1166,45728.77,1,4.373518607244253e-05,-40.689530817339566,141.00405007783007
2026-01-03 13:18:43+00:00,STARLINK-1166,STARLINK-1169,37504.05,4,0.000133315380195467,-40.755857989736896,140.59745572461927
2026-01-03 13:18:43+00:00,STARLINK-1167,STARLINK-1153,20119.52,4,0.00024850252379163165,11.02653724727502,-91.57770906322617
2026-01-03 13:28:42+00:00,STARLINK-1060,STARLINK-1068,35394.25,5,0.00016951427098268836,37.20667321189003,-127.37190105160369
2026-01-03 13:28:43+00:00,STARLINK-1131,STARLINK-1166,37924.29,2,7.910288886386893e-05,-53.15821084400313,-168.22292591701094
2026-01-03 13:28:43+00:00,STARLINK-1167,STARLINK-1153,22856.08,5,0.00026250072187698515,38.86108253853056,-65.43318673745968
2026-01-03 13:38:42+00:00,STARLINK-1060,STARLINK-1068,48250.86,6,0.00014507212778947794,53.0759230949599,-80.06681300268978
2026-01-03 13:38:43+00:00,STARLINK-1131,STARLINK-1166,46852.71,3,8.5372108206586e-05,-38.16135339090902,-120.0951179380854
2026-01-03 13:38:43+00:00,STARLINK-1166,STARLINK-1169,36729.94,1,5.445000863032636e-05,-38.09232214164175,-120.51153138557692
2026-01-03 13:38:43+00:00,STARLINK-1167,STARLINK-1153,33036.89,6,0.0002118779377254419,53.197297247546686,-16.356046360556906
2026-01-03 13:48:42+00:00,STARLINK-1060,STARLINK-1068,35700.69,7,0.00022407902819166262,41.426741377475,-28.350790804751668
2026-01-03 13:48:43+00:00,STARLINK-1166,STARLINK-1169,31641.48,2,9.480925641732255e-05,-10.135120122414468,-94.83731364540684
2026-01-03 13:48:43+00:00,STARLINK-1167,STARLINK-1153,23394.13,7,0.0003419515087114284,39.86155699773788,33.778633455481945
2026-01-03 13:58:42+00:00,STARLINK-1060,STARLINK-1068,40230.35,8,0.00022370613961500175,14.289582781169836,-0.5692845650683963
2026-01-03 13:58:43+00:00,STARLINK-1166,STARLINK-1169,32379.3,3,0.00012353190056917324,19.86929313199717,-74.0093584574407
2026-01-03 13:58:43+00:00,STARLINK-1167,STARLINK-1153,20393.69,8,0.00044129133612719787,12.27216370321362,60.52569771995479
2026-01-03 14:08:42+00:00,STARLINK-1060,STARLINK-1068,40076.56,9,0.0002495161881112523,-15.802215955849334,20.095623219506507
2026-01-03 14:08:43+00:00,STARLINK-1131,STARLINK-1166,43496.46,1,4.597969628571415e-05,45.37320290106647,-42.44264009877072
2026-01-03 14:08:43+00:00,STARLINK-1166,STARLINK-1169,41470.7,4,0.00012056414374139474,45.42978506804938,-42.830392396319816
2026-01-03 14:08:43+00:00,STARLINK-1167,STARLINK-1153,20512.61,9,0.0004874812380658499,-17.79490596092151,81.24231374358753
2026-01-03 14:18:42+00:00,STARLINK-1060,STARLINK-1068,35761.76,10,0.00030758252439129415,-42.51987059818723,48.63932810236632
2026-01-03 14:18:43+00:00,STARLINK-1131,STARLINK-1166,38612.02,2,7.769400062465978e-05,51.986563810823256,12.638986353389916
2026-01-03 14:18:43+00:00,STARLINK-1166,STARLINK-1169,49157.02,5,0.00012205536349918081,51.961006856004346,12.292071517099918
2026-01-03 14:18:43+00:00,STARLINK-1167,STARLINK-1153,25044.58,10,0.0004391992519238923,-43.96367154785077,110.98321672904169
2026-01-03 14:28:42+00:00,STARLINK-1060,STARLINK-1068,47684.48,11,0.00025164892961127786,-52.90757251610713,101.20888438836424
2026-01-03 14:28:43+00:00,STARLINK-1131,STARLINK-1166,48152.04,3,8.306848331901786e-05,32.432530318438104,54.8374257593714
2026-01-03 14:28:43+00:00,STARLINK-1166,STARLINK-1169,34191.33,6,0.0002047242758829246,32.35473572340154,54.41065623937696
2026-01-03 14:28:43+00:00,STARLINK-1167,STARLINK-1153,32134.13,11,0.00037342310424759445,-52.5379137644598,164.821891808262
2026-01-03 14:38:42+00:00,STARLINK-1060,STARLINK-1068,35330.25,12,0.0003679462232442951,-36.12745790857147,147.17013328827687
2026-01-03 14:38:43+00:00,STARLINK-1166,STARLINK-1169,30799.7,7,0.0002597343566866987,3.3115634858569423,77.67592602812284
2026-01-03 14:38:43+00:00,STARLINK-1167,STARLINK-1153,21793.03,12,0.0005964936269244376,-34.39926422441953,-151.0687133734194
2026-01-03 14:48:42+00:00,STARLINK-1060,STARLINK-1068,40478.24,13,0.0003458562957209671,-7.747213333187853,171.88256827452773
2026-01-03 14:48:43+00:00,STARLINK-1131,STARLINK-1166,49456.47,1,4.0438785081404287e-05,-26.2600157177576,99.79268825947962
2026-01-03 14:48:43+00:00,STARLINK-1166,STARLINK-1169,32598.25,8,0.0002760799711649808,-26.34128394141737,99.35461051864114
2026-01-03 14:48:43+00:00,STARLINK-1167,STARLINK-1153,20070.34,13,0.0006975119747859385,-5.708364977688855,-127.08852571045097
2026-01-03 14:58:42+00:00,STARLINK-1060,STARLINK-1068,38576.0,14,0.00038883272416206547,22.179379003013164,-167.06210936575175
2026-01-03 14:58:43+00:00,STARLINK-1131,STARLINK-1166,41135.33,2,7.292823642750824e-05,-49.26588947163595,135.88942023609528
2026-01-03 14:58:43+00:00,STARLINK-1166,STARLINK-1169,44957.65,9,0.00022242660756050282,-49.30845434505025,135.52128617120783
2026-01-03 14:58:43+00:00,STARLINK-1167,STARLINK-1153,20585.38,14,0.0007286370891822652,24.11780144295533,-105.77461799321934
2026-01-03 15:08:42+00:00,STARLINK-1060,STARLINK-1068,37826.43,15,0.00042297348775742895,46.93785796929225,-134.19131829645113
2026-01-03 15:08:43+00:00,STARLINK-1131,STARLINK-1166,41223.59,3,9.702946712144379e-05,-49.3732739243174,-167.61148268876696
2026-01-03 15:08:43+00:00,STARLINK-1166,STARLINK-1169,45479.26,10,0.0002418631731656767,-49.33136384931368,-167.98049368896872
2026-01-03 15:08:43+00:00,STARLINK-1167,STARLINK-1153,27589.2,15,0.0005799160571507274,48.11152156536043,-71.36870335984452
2026-01-03 15:18:42+00:00,STARLINK-1060,STARLINK-1068,44209.06,16,0.00038452786537724676,51.158202857207534,-78.15088202522587
2026-01-03 15:18:43+00:00,STARLINK-1131,STARLINK-1166,49598.06,4,0.00010080836209395904,-26.47061219961189,-131.34233317766194
2026-01-03 15:18:43+00:00,STARLINK-1166,STARLINK-1169,33261.72,11,0.00036076424297231253,-26.39123045148757,-131.78205464543325
2026-01-03 15:18:43+00:00,STARLINK-1167,STARLINK-1153,29788.39,16,0.0005706729812191522,50.339779187180966,-14.86452535596737
2026-01-03 15:28:42+00:00,STARLINK-1060,STARLINK-1068,37041.2,17,0.00048593226104281064,30.18448270518844,-38.217414721559535
2026-01-03 15:28:43+00:00,STARLINK-1166,STARLINK-1169,31472.86,12,0.0004130411713085081,3.2464541259473654,-110.1021403428072
2026-01-03 15:28:43+00:00,STARLINK-1167,STARLINK-1153,21165.33,17,0.000850407226949594,28.32595040891825,23.270358489981515
2026-01-03 15:38:42+00:00,STARLINK-1060,STARLINK-1068,41247.57,18,0.0004606220288363936,0.8587991483210947,-15.609787932929631
2026-01-03 15:38:43+00:00,STARLINK-1131,STARLINK-1166,48363.38,1,4.1352747621286574e-05,32.21179534143084,-86.43818956241842
2026-01-03 15:38:43+00:00,STARLINK-1166,STARLINK-1169,34657.71,13,0.00040393886558386045,32.28810583371219,-86.86716012044984
2026-01-03 15:38:43+00:00,STARLINK-1167,STARLINK-1153,20311.97,18,0.0009353629725244511,-1.1916016811829244,45.40062839627122
2026-01-03 15:48:42+00:00,STARLINK-1060,STARLINK-1068,37491.43,19,0.0005334410172933576,-28.603588188507835,6.564805001273409
2026-01-03 15:48:43+00:00,STARLINK-1131,STARLINK-1166,38736.46,2,7.744441685128556e-05,51.91120185082526,-44.480785474903485
2026-01-03 15:48:43+00:00,STARLINK-1166,STARLINK-1169,49223.18,14,0.00030472828597652614,51.9371398321839,-44.82879602330475
2026-01-03 15:48:43+00:00,STARLINK-1167,STARLINK-1153,21367.05,19,0.0009359768439328811,-30.451992810230497,68.058784127829
2026-01-03 15:58:42+00:00,STARLINK-1060,STARLINK-1068,42372.37,20,0.0004955942848067075,-50.43605536175627,44.81779439985889
2026-01-03 15:58:43+00:00,STARLINK-1131,STARLINK-1166,43250.82,3,9.248165741927161e-05,45.53848024658145,10.717788471635728
2026-01-03 15:58:43+00:00,STARLINK-1166,STARLINK-1169,41278.73,15,0.00038759943439552533,45.48142719915969,10.33234166485268
2026-01-03 15:58:43+00:00,STARLINK-1167,STARLINK-1153,30636.94,20,0.0006854246728076366,-51.2362584902576,108.10334948808196
2026-01-03 16:08:41+00:00,STARLINK-1008,STARLINK-1019,32949.39,1,6.069730889376423e-05,22.446969091362323,-58.91104486831963
2026-01-03 16:08:42+00:00,STARLINK-1060,STARLINK-1068,38976.53,21,0.0005644277613281294,-48.04094118771757,101.12590037960332
2026-01-03 16:08:43+00:00,STARLINK-1166,STARLINK-1169,31795.34,16,0.0005346527304714945,19.938122532068284,41.57157184272001
2026-01-03 16:08:43+00:00,STARLINK-1167,STARLINK-1153,26713.68,21,0.0008235172571784501,-46.8645581696726,163.9256435559399
2026-01-03 16:18:41+00:00,STARLINK-1008,STARLINK-1019,32295.73,2,9.288866086442806e-05,-7.470545098951221,-37.82299247707528
2026-01-03 16:18:42+00:00,STARLINK-1060,STARLINK-1068,37988.4,22,0.0006054320415694904,-24.065832405194136,135.36639331195389
2026-01-03 16:18:43+00:00,STARLINK-1166,STARLINK-1169,30971.48,17,0.0005811610823543997,-10.075648266035646,62.41368233069188
2026-01-03 16:18:43+00:00,STARLINK-1167,STARLINK-1153,20475.18,22,0.0011232563886428035,-22.129921316881543,-163.3514415062438
2026-01-03 16:28:41+00:00,STARLINK-1008,STARLINK-1019,34573.32,3,0.0001156928032134833,-35.89893764931846,-13.211814657605215
2026-01-03 16:28:42+00:00,STARLINK-1060,STARLINK-1068,40670.78,23,0.0005900897378968907,5.743349870098808,156.65669782319586
2026-01-03 16:28:43+00:00,STARLINK-1131,STARLINK-1166,46696.0,1,4.282930380966657e-05,-37.981400538867945,88.48873997978541
2026-01-03 16:28:43+00:00,STARLINK-1166,STARLINK-1169,36123.77,18,0.000525954905733656,-38.0519160691417,88.0740094791031
2026-01-03 16:28:43+00:00,STARLINK-1167,STARLINK-1153,20091.92,23,0.001194450582593272,7.784149351608259,-142.31233049514802
2026-01-03 16:38:42+00:00,STARLINK-1060,STARLINK-1068,35857.94,24,0.0006971762132399898,34.46519952648487,-179.30628210411822
2026-01-03 16:38:43+00:00,STARLINK-1131,STARLINK-1166,37883.99,2,7.918703423176303e-05,-53.14474799685993,136.43368421437103
2026-01-03 16:38:43+00:00,STARLINK-1167,STARLINK-1153,22172.46,24,0.001127474016233822,36.19724897409114,-117.53189215576134
2026-01-03 16:48:41+00:00,STARLINK-1008,STARLINK-1019,38511.32,1,5.19314338892074e-05,-42.72608009388964,85.24251031490269
2026-01-03 16:48:42+00:00,STARLINK-1060,STARLINK-1068,46935.57,25,0.000553939071389324,52.573500791614734,-134.95448778115934
2026-01-03 16:48:43+00:00,STARLINK-1131,STARLINK-1166,45864.49,3,8.721153965650427e-05,-40.85837892319639,-172.63062189741714
2026-01-03 16:48:43+00:00,STARLINK-1166,STARLINK-1169,38145.98,1,5.2428789906828796e-05,-40.79326666228646,-173.03865291385068
2026-01-03 16:48:43+00:00,STARLINK-1167,STARLINK-1153,32682.68,25,0.0007955040558468324,52.931573358726766,-71.31472414212128
2026-01-03 16:58:41+00:00,STARLINK-1008,STARLINK-1019,32995.49,2,9.091876135916275e-05,-16.097600471967095,113.93207052156984
2026-01-03 16:58:42+00:00,STARLINK-1060,STARLINK-1068,36384.79,26,0.0007420479258523725,43.78704172024903,-81.07327115971928
2026-01-03 16:58:43+00:00,STARLINK-1166,STARLINK-1169,31832.29,2,9.424096598246678e-05,-13.5401235134115,-145.7526200670506
2026-01-03 16:58:43+00:00,STARLINK-1167,STARLINK-1153,24367.81,26,0.0011079736761868964,42.32648559241383,-18.734978036446503
2026-01-03 17:08:41+00:00,STARLINK-1008,STARLINK-1019,33244.14,3,0.00012031833825936664,13.97047202514034,134.5819876644867
2026-01-03 17:08:42+00:00,STARLINK-1060,STARLINK-1068,39768.34,27,0.0007040599617695441,17.484018821371752,-51.43644882696351
2026-01-03 17:08:43+00:00,STARLINK-1166,STARLINK-1169,32088.19,3,0.00012465256991528922,16.526519944733597,-125.0912760451782
2026-01-03 17:08:43+00:00,STARLINK-1167,STARLINK-1153,20471.27,27,0.0013677037280184366,15.484148755863416,9.708221894916228
2026-01-03 17:18:41+00:00,STARLINK-1008,STARLINK-1019,38166.51,4,0.0001310014721945445,41.16675398210514,162.1629236961268
2026-01-03 17:18:42+00:00,STARLINK-1060,STARLINK-1068,40539.5,28,0.000715334048667382,-12.594619623042734,-30.727740392717354
2026-01-03 17:18:43+00:00,STARLINK-1131,STARLINK-1166,44693.28,1,4.474845550705818e-05,43.01955282592514,-95.66886619029188
2026-01-03 17:18:43+00:00,STARLINK-1166,STARLINK-1169,39664.5,4,0.00012605412764240965,43.08169747188032,-96.0666825665296
2026-01-03 17:18:43+00:00,STARLINK-1167,STARLINK-1153,20448.9,28,0.001418099844009017,-14.609021362735104,30.37109261013808
2026-01-03 17:28:42+00:00,STARLINK-1060,STARLINK-1068,35544.54,29,0.0008439877407967356,-40.07347437126589,-3.8914425315958887
2026-01-03 17:28:43+00:00,STARLINK-1131,STARLINK-1166,37845.16,2,7.926827979377563e-05,52.78438703466638,-42.48088787543857
2026-01-03 17:28:43+00:00,STARLINK-1167,STARLINK-1153,24010.18,29,0.0012494179794579024,-41.62526225702404,58.24808616596323
2026-01-03 17:38:41+00:00,STARLINK-1008,STARLINK-1019,35987.88,1,5.557272135170642e-05,37.51219810326596,-98.7947724082241
2026-01-03 17:38:42+00:00,STARLINK-1060,STARLINK-1068,48484.55,30,0.0006393657491768165,-53.19307898103855,46.27308079467384
2026-01-03 17:38:43+00:00,STARLINK-1131,STARLINK-1166,47363.17,3,8.445202354437965e-05,35.40664866943167,2.873073419888166
2026-01-03 17:38:43+00:00,STARLINK-1166,STARLINK-1169,35230.23,1,5.676781650825134e-05,35.33175521200633,2.45300245196065
2026-01-03 17:38:43+00:00,STARLINK-1167,STARLINK-1153,32858.23,30,0.0009434183332963066,-53.05756634210536,109.96688806210904
2026-01-03 17:48:41+00:00,STARLINK-1008,STARLINK-1019,32469.1,2,9.239269358579124e-05,9.367482634678945,-73.38036760102709
2026-01-03 17:48:42+00:00,STARLINK-1060,STARLINK-1068,35121.17,31,0.0009111054356835014,-38.78941029788543,95.08650236805197
2026-01-03 17:48:43+00:00,STARLINK-1166,STARLINK-1169,30907.17,2,9.706171539757935e-05,6.756730865851208,26.85029347073494
2026-01-03 17:48:43+00:00,STARLINK-1167,STARLINK-1153,22415.7,31,0.0014275071709930543,-37.135795123677966,157.01361778847283
2026-01-03 17:58:41+00:00,STARLINK-1008,STARLINK-1019,32495.63,3,0.00012308968653057254,-20.613628478074435,-52.49204725600308
2026-01-03 17:58:42+00:00,STARLINK-1060,STARLINK-1068,40208.34,32,0.0008207048412135091,-10.989128248110166,121.14907903143802
2026-01-03 17:58:43+00:00,STARLINK-1131,STARLINK-1166,49917.63,1,4.0065202109913675e-05,-23.02743181147498,48.45239908175604
2026-01-03 17:58:43+00:00,STARLINK-1166,STARLINK-1169,32110.28,3,0.00012456681888731936,-23.110606967501745,48.01045101840269
2026-01-03 17:58:43+00:00,STARLINK-1167,STARLINK-1153,20117.98,32,0.0016402421991572138,-8.959232580322112,-177.79537171560156
2026-01-03 18:08:41+00:00,STARLINK-1008,STARLINK-1019,40491.58,4,0.00012347941277142627,-45.8902965382714,-20.87816335330737
2026-01-03 18:08:42+00:00,STARLINK-1060,STARLINK-1068,39198.02,33,0.000867368622991085,19.045224898773792,141.92537698709444
2026-01-03 18:08:43+00:00,STARLINK-1131,STARLINK-1166,42360.91,2,7.081833656697726e-05,-47.420272585623344,81.86450586686132
2026-01-03 18:08:43+00:00,STARLINK-1166,STARLINK-1169,42864.49,4,0.00011664394831366678,-47.47032041573573,81.48617409305076
2026-01-03 18:08:43+00:00,STARLINK-1167,STARLINK-1153,20425.52,33,0.001664502813009754,21.015727118492894,-156.86169703019632
2026-01-03 18:18:41+00:00,STARLINK-1008,STARLINK-1019,49312.51,5,0.00012167051179281296,-51.77322569796593,34.37595605249446
2026-01-03 18:18:42+00:00,STARLINK-1060,STARLINK-1068,36457.51,34,0.0009599953481368273,44.87443660749236,172.55545537282688
2026-01-03 18:18:43+00:00,STARLINK-1131,STARLINK-1166,40018.67,3,9.995084916992069e-05,-50.88504129879841,137.9312956026238
2026-01-03 18:18:43+00:00,STARLINK-1166,STARLINK-1169,47511.4,5,0.00012628282301041413,-50.85140300480895,137.57234028390732
2026-01-03 18:18:43+00:00,STARLINK-1167,STARLINK-1153,26225.01,34,0.0013345529876637734,46.19435302827384,-124.8550654309742
2026-01-03 18:28:41+00:00,STARLINK-1008,STARLINK-1019,34232.55,6,0.00020447777107545083,-31.878493188929127,75.83520302725594
2026-01-03 18:28:42+00:00,STARLINK-1060,STARLINK-1068,46454.34,35,0.0007749378220028096,52.19419284058007,-132.7035044364005
2026-01-03 18:28:43+00:00,STARLINK-1131,STARLINK-1166,49031.94,4,0.00010197226599098483,-29.62343142591337,177.13174491089163
2026-01-03 18:28:43+00:00,STARLINK-1166,STARLINK-1169,33930.51,6,0.0002062979219020904,-29.54599152335393,176.6968567810698
2026-01-03 18:28:43+00:00,STARLINK-1167,STARLINK-1153,31137.74,35,0.0011561161434277686,51.582984654464695,-69.22092074593279
2026-01-03 18:38:41+00:00,STARLINK-1008,STARLINK-1019,33026.46,7,0.000242222683791003,-2.816262262008338,98.90827176441532
2026-01-03 18:38:42+00:00,STARLINK-1060,STARLINK-1068,36436.76,36,0.001015430147187972,33.07941966676788,-89.80842196211407
2026-01-03 18:38:43+00:00,STARLINK-1166,STARLINK-1169,31478.55,7,0.00025413323888047955,-0.2040062772924633,-160.90837840757845
2026-01-03 18:38:43+00:00,STARLINK-1167,STARLINK-1153,21523.37,36,0.0017189817866910856,31.27286675667673,-28.1943606460296
2026-01-03 18:48:41+00:00,STARLINK-1008,STARLINK-1019,34008.09,8,0.0002646351313722302,26.81253617209988,120.68858405547934
2026-01-03 18:48:42+00:00,STARLINK-1060,STARLINK-1068,41200.58,37,0.0009222947275322937,4.128133650555428,-66.2844237425867
2026-01-03 18:48:43+00:00,STARLINK-1131,STARLINK-1166,49021.45,1,4.079763455314861e-05,29.126654717258056,-138.14397577537986
2026-01-03 18:48:43+00:00,STARLINK-1166,STARLINK-1169,33901.15,8,0.0002654698890778313,29.20531405424553,-138.57854812645874
2026-01-03 18:48:43+00:00,STARLINK-1167,STARLINK-1153,20326.17,37,0.001869419107529479,2.0775666765884675,-5.26820452967851
2026-01-03 18:58:41+00:00,STARLINK-1008,STARLINK-1019,46561.66,9,0.00021476436268890137,49.58758796510847,157.39113304919834
2026-01-03 18:58:42+00:00,STARLINK-1060,STARLINK-1068,38241.47,38,0.0010198086054588002,-25.59311880541104,-44.73542969056005
2026-01-03 18:58:43+00:00,STARLINK-1131,STARLINK-1166,39812.2,2,7.53518933419067e-05,50.698933225780415,-99.27780154542116
2026-01-03 18:58:43+00:00,STARLINK-1166,STARLINK-1169,47456.83,9,0.0002107133849145652,50.73421148847979,-99.63472955482752
2026-01-03 18:58:43+00:00,STARLINK-1167,STARLINK-1153,21074.71,38,0.00185047146691618,-27.48882890524147,16.65230569095099
2026-01-03 19:08:41+00:00,STARLINK-1008,STARLINK-1019,45669.43,10,0.0002408560637594172,49.00119089326722,-145.95944858063712
2026-01-03 19:08:42+00:00,STARLINK-1060,STARLINK-1068,40171.31,39,0.0009957107271152694,-48.91167555228357,-9.201207792515554
2026-01-03 19:08:43+00:00,STARLINK-1131,STARLINK-1166,41975.07,3,9.529238921128157e-05,47.63575572863993,-42.94954709301663
2026-01-03 19:08:43+00:00,STARLINK-1166,STARLINK-1169,43388.56,10,0.0002535172055213282,47.58535756682908,-43.324326730960834
2026-01-03 19:08:43+00:00,STARLINK-1167,STARLINK-1153,29297.02,39,0.0013652799745511811,-49.90067982725019,53.867492217995846
2026-01-03 19:18:41+00:00,STARLINK-1008,STARLINK-1019,33296.55,11,0.00036038687531064593,25.697914569684297,-110.22987574538126
2026-01-03 19:18:42+00:00,STARLINK-1060,STARLINK-1068,41291.73,40,0.0009929108586426716,-49.706442354855255,47.29198304474884
2026-01-03 19:18:43+00:00,STARLINK-1131,STARLINK-1166,49824.92,4,0.00010034937638883537,23.316219768582517,-9.194691376970932
2026-01-03 19:18:43+00:00,STARLINK-1166,STARLINK-1169,32263.05,11,0.0003719309882051385,23.23234767284395,-9.635659166643302
2026-01-03 19:18:43+00:00,STARLINK-1167,STARLINK-1153,28149.97,40,0.0014564329399661894,-48.69355394018263,110.32891084631932
2026-01-03 19:28:41+00:00,STARLINK-1008,STARLINK-1019,32349.47,12,0.0004018488757659471,-4.026988334495472,-88.65511092972014
2026-01-03 19:28:42+00:00,STARLINK-1060,STARLINK-1068,37334.2,41,0.0011249437528123593,-27.107885192944863,84.14603522961757
2026-01-03 19:28:43+00:00,STARLINK-1166,STARLINK-1169,30877.38,12,0.0004210065424416695,-6.646060086577252,11.553888269686558
2026-01-03 19:28:43+00:00,STARLINK-1167,STARLINK-1153,20681.6,41,0.002030692466130951,-25.2078207977126,145.51909390328512
2026-01-03 19:38:41+00:00,STARLINK-1008,STARLINK-1019,33851.74,13,0.00041355588941988157,-32.94926925018424,-65.21468320542168
2026-01-03 19:38:42+00:00,STARLINK-1060,STARLINK-1068,40825.18,42,0.001053245735946885,2.478751677019595,105.9753579498511
2026-01-03 19:38:43+00:00,STARLINK-1131,STARLINK-1166,47555.25,1,4.205546063871731e-05,-35.12643769391503,36.2840968011978
2026-01-03 19:38:43+00:00,STARLINK-1166,STARLINK-1169,34972.35,13,0.0004003048035146762,-35.20048244546824,35.862120325798664
2026-01-03 19:38:43+00:00,STARLINK-1167,STARLINK-1153,20086.66,42,0.0021406176727403786,4.52700617564004,166.99157191095165
2026-01-03 19:48:41+00:00,STARLINK-1008,STARLINK-1019,49599.03,14,0.000302419171923888,-52.13066622038964,-22.63679861310069
2026-01-03 19:48:42+00:00,STARLINK-1060,STARLINK-1068,36510.98,43,0.0012050839204009204,31.617508859379708,128.9983228940336
2026-01-03 19:48:43+00:00,STARLINK-1131,STARLINK-1166,38279.13,2,7.836963981052312e-05,-52.70932831039657,81.16353490920997
2026-01-03 19:48:43+00:00,STARLINK-1167,STARLINK-1153,21638.22,43,0.0020333450096630097,33.415412256992404,-169.37181311759434
2026-01-03 19:58:41+00:00,STARLINK-1008,STARLINK-1019,40450.59,15,0.00039553451421810615,-45.10105400825769,32.07407618799406
2026-01-03 19:58:42+00:00,STARLINK-1060,STARLINK-1068,44954.63,44,0.0010009869731555314,51.707153109160096,170.361672085369
2026-01-03 19:58:43+00:00,STARLINK-1131,STARLINK-1166,44761.95,3,8.935961548557457e-05,-43.380000429659965,134.4829827606149
2026-01-03 19:58:43+00:00,STARLINK-1166,STARLINK-1169,39816.04,1,5.022975088052753e-05,-43.31953361838856,134.08428118167478
2026-01-03 19:58:43+00:00,STARLINK-1167,STARLINK-1153,31857.17,44,0.0014125105114323893,52.29158202279918,-126.13467190897109
2026-01-03 20:08:41+00:00,STARLINK-1008,STARLINK-1019,33112.2,16,0.0005133904304023773,-19.44398832784467,62.865631162889805
2026-01-03 20:08:42+00:00,STARLINK-1060,STARLINK-1068,37645.38,45,0.0012218970323308643,45.95574936850844,-134.14767747717602
2026-01-03 20:08:43+00:00,STARLINK-1166,STARLINK-1169,32097.35,2,9.346274808518196e-05,-16.914046442336357,163.25534513059438
2026-01-03 20:08:43+00:00,STARLINK-1167,STARLINK-1153,25506.81,45,0.0018033692425966793,44.6176487407172,-71.58335358498219
2026-01-03 20:18:41+00:00,STARLINK-1008,STARLINK-1019,33215.98,17,0.0005418915265626194,10.56406163106195,83.65451792345316
2026-01-03 20:18:42+00:00,STARLINK-1060,STARLINK-1068,39236.44,46,0.0011978355366710977,20.641245885885176,-102.396803355921
2026-01-03 20:18:43+00:00,STARLINK-1166,STARLINK-1169,31873.38,3,0.00012549263703325367,13.145033438993153,-176.0761547258873
2026-01-03 20:18:43+00:00,STARLINK-1167,STARLINK-1153,20584.19,46,0.002283194859994006,18.664063006768693,-41.1900179278836
2026-01-03 20:28:41+00:00,STARLINK-1008,STARLINK-1019,36829.89,18,0.0005158713243149976,38.480388119612606,109.5752722925333
2026-01-03 20:28:42+00:00,STARLINK-1060,STARLINK-1068,40911.53,47,0.0011732347034026007,-9.36111562251119,-81.48764119075831
2026-01-03 20:28:43+00:00,STARLINK-1131,STARLINK-1166,45802.82,1,4.366448038613373e-05,40.46315646657586,-148.51276912485363
2026-01-03 20:28:43+00:00,STARLINK-1166,STARLINK-1169,38082.09,4,0.00013129186733534492,40.52995547207212,-148.91996342990308
2026-01-03 20:28:43+00:00,STARLINK-1167,STARLINK-1153,20410.69,47,0.002351593621106337,-11.392620258079107,-20.425230843308423
2026-01-03 20:38:42+00:00,STARLINK-1060,STARLINK-1068,35733.91,48,0.0013712081547148152,-37.47704656320692,-56.11728643002573
2026-01-03 20:38:43+00:00,STARLINK-1131,STARLINK-1166,37454.88,2,8.009423353556238e-05,53.16979283453164,-97.7897894891839
2026-01-03 20:38:43+00:00,STARLINK-1167,STARLINK-1153,23145.4,48,0.0021169598728095944,-39.12142972765688,5.836885798273849
2026-01-03 20:48:41+00:00,STARLINK-1008,STARLINK-1019,37381.72,1,5.350065484801534e-05,40.25482708426433,-151.2682176327859
2026-01-03 20:48:42+00:00,STARLINK-1060,STARLINK-1068,48284.27,49,0.0010355124865202162,-53.09834905877456,-8.692679683694479
2026-01-03 20:48:43+00:00,STARLINK-1131,STARLINK-1166,46463.84,3,8.608659795234419e-05,38.255244375767134,-49.369746104341225
2026-01-03 20:48:43+00:00,STARLINK-1166,STARLINK-1169,36474.83,1,5.4830829072292524e-05,38.183875544379696,-49.782209977418304
2026-01-03 20:48:43+00:00,STARLINK-1167,STARLINK-1153,33076.61,49,0.0015115965149840027,-53.20151435876493,55.00957537710556
2026-01-03 20:58:41+00:00,STARLINK-1008,STARLINK-1019,32585.3,2,9.206322902569486e-05,12.784293324312555,-124.28594607920482
2026-01-03 20:58:42+00:00,STARLINK-1060,STARLINK-1068,35288.37,50,0.001445194402733741,-41.313218120957416,42.7138771259305
2026-01-03 20:58:43+00:00,STARLINK-1166,STARLINK-1169,31069.19,2,9.655557304284268e-05,10.18782076275489,-24.01260786798692
2026-01-03 20:58:43+00:00,STARLINK-1167,STARLINK-1153,23205.59,50,0.002197651615338574,-39.74751969591775,104.8277645954352
2026-01-03 21:08:41+00:00,STARLINK-1008,STARLINK-1019,32443.3,3,0.0001232882201187882,-17.28166730073532,-103.59815520700484
2026-01-03 21:08:42+00:00,STARLINK-1060,STARLINK-1068,39847.22,51,0.0013049516389941633,-14.208863892570683,70.36086335395898
2026-01-03 21:08:43+00:00,STARLINK-1166,STARLINK-1169,31724.62,3,0.0001260810663432267,-19.819164936877804,-3.187584353076804
2026-01-03 21:08:43+00:00,STARLINK-1167,STARLINK-1153,20182.97,51,0.0025763018870915877,-12.192167881538214,131.45386279887774
2026-01-03 21:18:41+00:00,STARLINK-1008,STARLINK-1019,38536.0,4,0.0001297454394478034,-43.59325160112595,-74.18856412055044
2026-01-03 21:18:42+00:00,STARLINK-1060,STARLINK-1068,39738.46,52,0.0013336869700796136,15.8696393103855,91.01609841882568
2026-01-03 21:18:43+00:00,STARLINK-1131,STARLINK-1166,43581.03,1,4.589047366540751e-05,-45.30135992118519,28.25725168967694
2026-01-03 21:18:43+00:00,STARLINK-1166,STARLINK-1169,40869.47,4,0.00012233771718309086,-45.35793917978896,27.86873007908135
2026-01-03 21:18:43+00:00,STARLINK-1167,STARLINK-1153,20318.96,52,0.002608272850930809,17.866553037087353,152.1679170761265
2026-01-03 21:28:42+00:00,STARLINK-1060,STARLINK-1068,35658.61,53,0.0015143183001720994,42.60491095074735,119.66498776307112
2026-01-03 21:28:43+00:00,STARLINK-1131,STARLINK-1166,38989.86,2,7.694110876241252e-05,-52.04390348982423,83.10855172418611
2026-01-03 21:28:43+00:00,STARLINK-1166,STARLINK-1169,49263.33,5,0.00012179197403070336,-52.01949408440367,82.7581415705889
2026-01-03 21:28:43+00:00,STARLINK-1167,STARLINK-1153,25003.27,53,0.002159631135002142,44.05165272792963,-177.96855389025157
2026-01-03 21:38:41+00:00,STARLINK-1008,STARLINK-1019,34970.19,1,5.7189932627399866e-05,-34.868007967974386,23.92459408001358
2026-01-03 21:38:42+00:00,STARLINK-1060,STARLINK-1068,48113.6,54,0.0011431041721223912,52.87705874486072,172.4957186802865
2026-01-03 21:38:43+00:00,STARLINK-1131,STARLINK-1166,48371.33,3,8.269190258149648e-05,-32.68721142090503,125.39769580775108
2026-01-03 21:38:43+00:00,STARLINK-1166,STARLINK-1169,34756.46,6,0.00020139561406385854,-32.6121634276266,124.96842898872174
2026-01-03 21:38:43+00:00,STARLINK-1167,STARLINK-1153,32240.38,54,0.001705882316451715,52.48995404637564,-123.8725257322694
2026-01-03 21:48:41+00:00,STARLINK-1008,STARLINK-1019,33039.15,2,9.079861925566318e-05,-6.262527895574872,48.08682288061462
2026-01-03 21:48:42+00:00,STARLINK-1060,STARLINK-1068,35967.55,55,0.001556915694405251,35.87635743310944,-141.62296125072635
2026-01-03 21:48:43+00:00,STARLINK-1166,STARLINK-1169,31523.47,7,0.00025377111811871855,-3.6537738721830686,148.28448202374526
2026-01-03 21:48:43+00:00,STARLINK-1167,STARLINK-1153,22014.47,55,0.002543665885852085,34.13173868782891,-79.86322615435273
2026-01-03 21:58:41+00:00,STARLINK-1008,STARLINK-1019,33749.94,3,0.00011851521765023433,23.585600100566165,69.31482115291213
2026-01-03 21:58:42+00:00,STARLINK-1060,STARLINK-1068,41044.59,56,0.0013886997360739609,7.389963251602019,-116.97939492292912
2026-01-03 21:58:43+00:00,STARLINK-1131,STARLINK-1166,49581.05,1,4.033717847487145e-05,25.955055995414497,170.35428675253667
2026-01-03 21:58:43+00:00,STARLINK-1166,STARLINK-1169,33302.65,8,0.00027024064929820005,26.03565494095901,169.91494329492784
2026-01-03 21:58:43+00:00,STARLINK-1167,STARLINK-1153,20365.76,56,0.002798677845666174,5.343075610016173,-55.94729640896053
2026-01-03 22:08:41+00:00,STARLINK-1008,STARLINK-1019,44133.36,4,0.00011329041590271162,47.7924210123618,103.2674523781794
2026-01-03 22:08:42+00:00,STARLINK-1060,STARLINK-1068,38948.74,57,0.0014890985151633875,-22.519399713593888,-95.8848550689348
2026-01-03 22:08:43+00:00,STARLINK-1131,STARLINK-1166,41040.74,2,7.309631609186161e-05,49.13656254578508,-153.69972676361616
2026-01-03 22:08:43+00:00,STARLINK-1166,STARLINK-1169,45434.04,9,0.00022009444692906618,49.1802340990121,-154.06687377227468
2026-01-03 22:08:43+00:00,STARLINK-1167,STARLINK-1153,20869.74,57,0.0027790102315490488,-24.45511372088345,-34.587222570116865
2026-01-03 22:18:41+00:00,STARLINK-1008,STARLINK-1019,48286.01,5,0.0001242570206769895,50.59038165289311,159.64668280379814
2026-01-03 22:18:42+00:00,STARLINK-1060,STARLINK-1068,38272.41,58,0.0015415401972283106,-47.114042703644834,-62.85026520040255
2026-01-03 22:18:43+00:00,STARLINK-1131,STARLINK-1166,40687.59,3,9.830765824030767e-05,49.454242161194216,-97.0382131064116
2026-01-03 22:18:43+00:00,STARLINK-1166,STARLINK-1169,45578.41,10,0.00024133704231801156,49.41148445224058,-97.4022647578214
2026-01-03 22:18:43+00:00,STARLINK-1167,STARLINK-1153,27896.37,58,0.0021148947015435507,-48.271365664472015,-0.012503753526683
2026-01-03 22:28:41+00:00,STARLINK-1008,STARLINK-1019,33761.99,6,0.00020732760931422247,28.878457335565116,-161.71929844532696
2026-01-03 22:28:42+00:00,STARLINK-1060,STARLINK-1068,43781.98,59,0.0013703955281253125,-51.08235703504985,-6.902076379147225
2026-01-03 22:28:43+00:00,STARLINK-1131,STARLINK-1166,49327.75,4,0.00010136076831462383,26.54834455257352,-60.55470597568538
2026-01-03 22:28:43+00:00,STARLINK-1166,STARLINK-1169,32829.38,11,0.0003655151113084893,26.46613539105318,-60.991429890877136
2026-01-03 22:28:43+00:00,STARLINK-1167,STARLINK-1153,29645.7,59,0.002023834018626019,-50.25411927578814,56.36065328840519
2026-01-03 22:38:41+00:00,STARLINK-1008,STARLINK-1019,32427.11,7,0.00024669954554859964,-0.5743246182776808,-139.46582726679696
2026-01-03 22:38:42+00:00,STARLINK-1060,STARLINK-1068,36668.69,60,0.0016634992005659169,-30.081026488437047,32.76196130115272
2026-01-03 22:38:43+00:00,STARLINK-1166,STARLINK-1169,30835.85,12,0.0004215735394503654,-3.2015252786850814,-39.27014819012901
2026-01-03 22:38:43+00:00,STARLINK-1167,STARLINK-1153,20971.93,60,0.0029085111140884938,-28.224091766838157,94.24218851072908
2026-01-03 22:48:41+00:00,STARLINK-1008,STARLINK-1019,33353.55,8,0.0002698282543161278,-29.890965769647025,-116.97152610642418
2026-01-03 22:48:42+00:00,STARLINK-1060,STARLINK-1068,40867.06,61,0.001517077150224405,-0.7902850574488332,55.3062129821154
2026-01-03 22:48:43+00:00,STARLINK-1131,STARLINK-1166,48300.09,1,4.140693305264954e-05,-32.147801666311345,-15.648011587562303
2026-01-03 22:48:43+00:00,STARLINK-1166,STARLINK-1169,34017.92,13,0.00041153569837020106,-32.22487327870488,-16.07626567427592
2026-01-03 22:48:43+00:00,STARLINK-1167,STARLINK-1153,20102.61,61,0.0030840232177205985,1.2616023564096135,116.3177290847116
2026-01-03 22:58:41+00:00,STARLINK-1008,STARLINK-1019,47507.06,9,0.0002104905988583832,-51.00397360197034,-77.49391809853199
2026-01-03 22:58:42+00:00,STARLINK-1060,STARLINK-1068,37223.43,62,0.0016924369291887074,28.6799184213565,77.51063364869341
2026-01-03 22:58:43+00:00,STARLINK-1131,STARLINK-1166,39025.23,2,7.687137599506793e-05,-51.866425815021486,26.09484900150834
2026-01-03 22:58:43+00:00,STARLINK-1166,STARLINK-1169,48756.31,14,0.0003076461765425533,-51.89243263730792,25.744235321103105
2026-01-03 22:58:43+00:00,STARLINK-1167,STARLINK-1153,21231.32,62,0.0029671745715965096,30.53378830040403,139.01512583257716
2026-01-03 23:08:41+00:00,STARLINK-1008,STARLINK-1019,42721.16,10,0.0002574776181728639,-47.243569561951176,-21.498682170301187
2026-01-03 23:08:42+00:00,STARLINK-1060,STARLINK-1068,42625.39,63,0.0015014173144852286,50.50105929285354,115.96540538950538
2026-01-03 23:08:43+00:00,STARLINK-1131,STARLINK-1166,43563.04,3,9.181884875691052e-05,-45.69491582698439,81.21204303473003
2026-01-03 23:08:43+00:00,STARLINK-1166,STARLINK-1169,41686.98,15,0.00038380367674327226,-45.63993632545516,80.82345351313096
2026-01-03 23:08:43+00:00,STARLINK-1167,STARLINK-1153,30718.61,63,0.0020833597822368186,51.29611136113039,179.28327227175075
2026-01-03 23:18:41+00:00,STARLINK-1008,STARLINK-1019,33285.49,11,0.00036050661995302004,-22.742521578261684,11.681742532796118
2026-01-03 23:18:42+00:00,STARLINK-1060,STARLINK-1068,39472.31,64,0.0016466822772146549,47.90224554809777,172.4062741106095
2026-01-03 23:18:43+00:00,STARLINK-1166,STARLINK-1169,32439.02,16,0.0005240440665572956,-20.24776909302429,112.16420522585726
2026-01-03 23:18:43+00:00,STARLINK-1167,STARLINK-1153,26829.68,64,0.0024225997999305273,46.70630404368835,-124.79171700841164
2026-01-03 23:28:41+00:00,STARLINK-1008,STARLINK-1019,33205.39,12,0.00039149091485102716,7.134474581220826,32.78611524966553
2026-01-03 23:28:42+00:00,STARLINK-1060,STARLINK-1068,38617.77,65,0.0017090135185558733,23.75247643403689,-153.47147666385678
2026-01-03 23:28:43+00:00,STARLINK-1166,STARLINK-1169,31714.07,17,0.0005675535321221111,9.733914079151097,133.0137379879207
2026-01-03 23:28:43+00:00,STARLINK-1167,STARLINK-1153,20743.65,65,0.0031815431930642354,21.80356935197942,-92.18893587985777
2026-01-03 23:38:41+00:00,STARLINK-1008,STARLINK-1019,35829.46,13,0.0003907290054328077,35.64231298595235,57.307645781191376
2026-01-03 23:38:42+00:00,STARLINK-1060,STARLINK-1068,41171.74,66,0.001627290289643099,-6.108721351382719,-132.20149982291744
2026-01-03 23:38:43+00:00,STARLINK-1131,STARLINK-1166,46791.97,1,4.274146308729709e-05,37.73491848042926,158.9906944029664
2026-01-03 23:38:43+00:00,STARLINK-1166,STARLINK-1169,36732.64,18,0.0005172370611787996,37.805664064818366,158.57512487343524
2026-01-03 23:38:43+00:00,STARLINK-1167,STARLINK-1153,20393.16,66,0.003285254210028753,-8.153067522174753,-71.16471533415044
2026-01-03 23:48:42+00:00,STARLINK-1060,STARLINK-1068,36209.92,67,0.0018778865601868165,-34.752929117124246,-108.07040934102184
2026-01-03 23:48:43+00:00,STARLINK-1131,STARLINK-1166,37498.68,2,8.000068267249214e-05,53.1296882068137,-153.15573643579805
2026-01-03 23:48:43+00:00,STARLINK-1167,STARLINK-1153,22474.33,67,0.0030255395582623255,-36.47648464978739,-46.28148294478968
2026-01-03 23:58:41+00:00,STARLINK-1008,STARLINK-1019,39136.18,1,5.110230220981686e-05,42.82775106323602,155.91322697828218
2026-01-03 23:58:42+00:00,STARLINK-1060,STARLINK-1068,47133.0,68,0.0014639114015360462,-52.62626198778545,-63.57098700581291
2026-01-03 23:58:43+00:00,STARLINK-1131,STARLINK-1166,45440.88,3,8.802452715424626e-05,40.95437357722109,-101.92950582651297
2026-01-03 23:58:43+00:00,STARLINK-1166,STARLINK-1169,37961.55,1,5.268349992295038e-05,40.8871580905106,-102.33332691496852
2026-01-03 23:58:43+00:00,STARLINK-1167,STARLINK-1153,32806.88,68,0.0021031532668371136,-52.965330782914045,0.0666263764943569
2026-01-04 00:08:41+00:00,STARLINK-1008,STARLINK-1019,32739.67,2,9.16291572530434e-05,16.172623138485445,-175.26438354797088
2026-01-04 00:08:42+00:00,STARLINK-1060,STARLINK-1068,35939.26,69,0.0019476765054009069,-43.67494287790832,-9.979206023848263
2026-01-04 00:08:43+00:00,STARLINK-1166,STARLINK-1169,31284.95,2,9.588968850234691e-05,13.596946970393963,-74.93257044295356
2026-01-04 00:08:43+00:00,STARLINK-1167,STARLINK-1153,24182.94,69,0.002894482867555907,-42.21256379785597,52.34144748522196
2026-01-04 00:18:41+00:00,STARLINK-1008,STARLINK-1019,32437.97,3,0.00012330847742699597,-13.90810858690246,-154.60261684183627
2026-01-04 00:18:42+00:00,STARLINK-1060,STARLINK-1068,39384.68,70,0.0018026856461536274,-17.399129210205498,19.499997655595163
2026-01-04 00:18:43+00:00,STARLINK-1166,STARLINK-1169,31430.33,3,0.0001272615571787767,-16.478318407993083,-54.26572608430666
2026-01-04 00:18:43+00:00,STARLINK-1167,STARLINK-1153,20271.84,70,0.0035022226782236727,-15.400218317431497,80.64193450460668
2026-01-04 00:28:41+00:00,STARLINK-1008,STARLINK-1019,36928.79,4,0.00013539205069944886,-41.086002377134,-127.11151520513631
2026-01-04 00:28:42+00:00,STARLINK-1060,STARLINK-1068,40193.38,71,0.0017912952009708821,12.661111311686303,40.18997370579469
2026-01-04 00:28:43+00:00,STARLINK-1131,STARLINK-1166,44740.62,1,4.4701108274577446e-05,-42.94674638522937,-24.944624162590276
2026-01-04 00:28:43+00:00,STARLINK-1166,STARLINK-1169,39037.87,4,0.0001280774776524013,-43.00896587739152,-25.342859469062237
2026-01-04 00:28:43+00:00,STARLINK-1167,STARLINK-1153,20263.28,71,0.0035530499973352126,14.67934884666337,101.29308164749912
2026-01-04 00:38:42+00:00,STARLINK-1060,STARLINK-1068,35386.49,72,0.0020628758920172075,40.15842409692656,67.11290302563354
2026-01-04 00:38:43+00:00,STARLINK-1131,STARLINK-1166,38224.04,2,7.848258628375535e-05,-52.81643418194663,27.996097586171928
2026-01-04 00:38:43+00:00,STARLINK-1167,STARLINK-1153,23942.7,72,0.0030488186871703202,41.71422444846401,129.27222117855283
2026-01-04 00:48:41+00:00,STARLINK-1008,STARLINK-1019,35976.22,1,5.5590732135501294e-05,-37.73601339813363,-28.25588120356572
2026-01-04 00:48:42+00:00,STARLINK-1060,STARLINK-1068,48901.88,73,0.0015132033123611533,53.186891830143885,117.5438621705409
2026-01-04 00:48:43+00:00,STARLINK-1131,STARLINK-1166,47598.41,3,8.403465505139665e-05,-35.644516008853465,73.420814789557
2026-01-04 00:48:43+00:00,STARLINK-1166,STARLINK-1169,35759.51,1,5.592761400774206e-05,-35.57228279382851,72.99812782816859
2026-01-04 00:48:43+00:00,STARLINK-1167,STARLINK-1153,32956.55,73,0.002245312530816156,53.03566810415537,-178.738525153869
2026-01-04 00:58:41+00:00,STARLINK-1008,STARLINK-1019,33076.28,2,9.069669573798087e-05,-9.695006889524072,-2.768494391003047
2026-01-04 00:58:42+00:00,STARLINK-1060,STARLINK-1068,35728.67,74,0.0020990957934959938,38.55733794227032,166.3071572493266
2026-01-04 00:58:43+00:00,STARLINK-1166,STARLINK-1169,31615.83,2,9.48861729654744e-05,-7.095473293599713,97.45784371306064
2026-01-04 00:58:43+00:00,STARLINK-1167,STARLINK-1153,22617.96,74,0.0033158023180552953,36.88638898012975,-131.76708426536885
2026-01-04 01:08:41+00:00,STARLINK-1008,STARLINK-1019,33595.87,3,0.00011905870993339557,20.296653043704683,18.09245665411581
2026-01-04 01:08:42+00:00,STARLINK-1060,STARLINK-1068,40793.23,75,0.0018630085676332167,10.637735161144835,-167.71090396657917
2026-01-04 01:08:43+00:00,STARLINK-1166,STARLINK-1169,32816.76,3,0.00012188522312308944,22.79406579007002,118.58173186237458
2026-01-04 01:08:43+00:00,STARLINK-1167,STARLINK-1153,20417.4,75,0.0037221329780981853,8.598696449462976,-106.65267653104657
2026-01-04 01:18:41+00:00,STARLINK-1008,STARLINK-1019,41856.72,4,0.00011945227785937695,45.715009811191685,49.56494844048107
2026-01-04 01:18:42+00:00,STARLINK-1060,STARLINK-1068,39592.05,76,0.0019447857641682062,-19.393222980875017,-146.90745304759204
2026-01-04 01:18:43+00:00,STARLINK-1131,STARLINK-1166,42329.09,1,4.724771433275951e-05,47.26305363301047,152.2910413159125
2026-01-04 01:18:43+00:00,STARLINK-1166,STARLINK-1169,43367.72,4,0.00011529046741522461,47.31409844596648,151.9131311226312
2026-01-04 01:18:43+00:00,STARLINK-1167,STARLINK-1153,20718.66,76,0.0037162771975988024,-21.362382763763616,-85.6852858771261
2026-01-04 01:28:42+00:00,STARLINK-1060,STARLINK-1068,36880.02,77,0.0021149089694373962,-45.07654885778607,-116.12464523233209
2026-01-04 01:28:43+00:00,STARLINK-1131,STARLINK-1166,39478.41,2,7.598897754551042e-05,50.95413379211374,-151.53546405180907
2026-01-04 01:28:43+00:00,STARLINK-1166,STARLINK-1169,47683.77,5,0.00012582633826271997,50.92003406082007,-151.88948596935427
2026-01-04 01:28:43+00:00,STARLINK-1167,STARLINK-1153,26543.53,77,0.0029384585072706132,-46.38164227899578,-53.51869718177719
2026-01-04 01:38:41+00:00,STARLINK-1008,STARLINK-1019,34402.15,1,5.813421154748911e-05,31.97384348443425,146.5892940734566
2026-01-04 01:38:42+00:00,STARLINK-1060,STARLINK-1068,46080.23,78,0.0017143639612050285,-52.13666232288611,-61.416091873891325
2026-01-04 01:38:43+00:00,STARLINK-1131,STARLINK-1166,48737.53,3,8.207059178846798e-05,29.706442870621288,-112.09322484289312
2026-01-04 01:38:43+00:00,STARLINK-1166,STARLINK-1169,33547.67,6,0.00020865208665500005,29.62627254308828,-112.524920485187
2026-01-04 01:38:43+00:00,STARLINK-1167,STARLINK-1153,31018.33,78,0.0025467990443378366,-51.51317790862093,2.044354558306112
2026-01-04 01:48:41+00:00,STARLINK-1008,STARLINK-1019,32500.72,2,9.230280735911822e-05,2.880138790325808,169.72611967134063
2026-01-04 01:48:42+00:00,STARLINK-1060,STARLINK-1068,36060.57,79,0.002218428093951539,-32.97204182778382,-18.81317892044596
2026-01-04 01:48:43+00:00,STARLINK-1166,STARLINK-1169,30846.73,7,0.0002593383694683531,0.2504164879118823,-90.0773554436292
2026-01-04 01:48:43+00:00,STARLINK-1167,STARLINK-1153,21348.9,79,0.0037470901503051535,-31.166822403721863,42.79180879235445
2026-01-04 01:58:41+00:00,STARLINK-1008,STARLINK-1019,33022.98,3,0.00012112410436295079,-26.74172782632834,-168.5172994190224
2026-01-04 01:58:42+00:00,STARLINK-1060,STARLINK-1068,40807.47,80,0.0019848820600233234,-4.057445343199517,4.633536364207891
2026-01-04 01:58:43+00:00,STARLINK-1131,STARLINK-1166,48941.19,1,4.0864538346159007e-05,-29.06557093817988,-67.34391921054217
2026-01-04 01:58:43+00:00,STARLINK-1166,STARLINK-1169,33252.1,8,0.00027065145805954934,-29.145207747595776,-67.77757738528311
2026-01-04 01:58:43+00:00,STARLINK-1167,STARLINK-1153,20122.62,80,0.004025120728775439,-2.0058934943008584,65.65019987055399
2026-01-04 02:08:41+00:00,STARLINK-1008,STARLINK-1019,45124.8,4,0.0001108013597542869,-49.52038656055037,-131.9911168314683
2026-01-04 02:08:42+00:00,STARLINK-1060,STARLINK-1068,37944.84,81,0.0021609746944592613,25.66696418435699,26.202024136918208
2026-01-04 02:08:43+00:00,STARLINK-1131,STARLINK-1166,40038.01,2,7.492692751394203e-05,-50.64233729638655,-28.66904470154205
2026-01-04 02:08:43+00:00,STARLINK-1166,STARLINK-1169,46917.68,9,0.00021313472587037829,-50.67760518779429,-29.028017317313225
2026-01-04 02:08:43+00:00,STARLINK-1167,STARLINK-1153,20925.58,81,0.003918461592864194,27.568063959162487,87.59874346262474
2026-01-04 02:18:41+00:00,STARLINK-1008,STARLINK-1019,45169.44,5,0.0001328302314522506,-49.11621888867474,-75.4900243257134
2026-01-04 02:18:42+00:00,STARLINK-1060,STARLINK-1068,40308.95,82,0.002059044975248047,48.98558919795168,61.912946453934325
2026-01-04 02:18:43+00:00,STARLINK-1131,STARLINK-1166,42292.19,3,9.457787412110555e-05,-47.76804260650545,27.53172461690264
2026-01-04 02:18:43+00:00,STARLINK-1166,STARLINK-1169,43733.69,10,0.00025151658786194664,-47.71945167296168,27.153825294157112
2026-01-04 02:18:43+00:00,STARLINK-1167,STARLINK-1153,29341.75,82,0.0028286373976535942,49.97193083009542,125.01259909397214
2026-01-04 02:28:41+00:00,STARLINK-1008,STARLINK-1019,33556.01,6,0.0002086002298774533,-25.98198531330767,-39.645629658766175
2026-01-04 02:28:42+00:00,STARLINK-1060,STARLINK-1068,41749.07,83,0.002011972674536833,49.59358600302201,118.58240738755748
2026-01-04 02:28:43+00:00,STARLINK-1166,STARLINK-1169,32875.65,11,0.00036500069198047854,-23.53106873285622,60.94970122403984
2026-01-04 02:28:43+00:00,STARLINK-1167,STARLINK-1153,28269.05,83,0.0029713424631367825,48.56098935930867,-178.37561197316757
2026-01-04 02:38:41+00:00,STARLINK-1008,STARLINK-1019,33205.34,7,0.0002409178488204361,3.689581175940124,-18.04316078493919
2026-01-04 02:38:42+00:00,STARLINK-1060,STARLINK-1068,37959.74,84,0.0022391555064521923,26.80749485811597,155.31673120293203
2026-01-04 02:38:43+00:00,STARLINK-1166,STARLINK-1169,31618.36,12,0.0004111405164430906,6.301655273065672,82.15776159810031
2026-01-04 02:38:43+00:00,STARLINK-1167,STARLINK-1153,20945.63,84,0.004057931991924238,24.89349052038664,-143.31029271434343
2026-01-04 02:48:41+00:00,STARLINK-1008,STARLINK-1019,35079.21,8,0.00025655490659833567,32.676628202789864,5.321381032363381
2026-01-04 02:48:42+00:00,STARLINK-1060,STARLINK-1068,41335.28,85,0.0020804968419993286,-2.8441904791449124,177.1141903727907
2026-01-04 02:48:43+00:00,STARLINK-1131,STARLINK-1166,47662.87,1,4.196050383655377e-05,34.86182529331409,106.8034549184368
2026-01-04 02:48:43+00:00,STARLINK-1166,STARLINK-1169,35602.3,13,0.0003932219766145273,34.93588089472172,106.38049487644533
2026-01-04 02:48:43+00:00,STARLINK-1167,STARLINK-1153,20389.23,85,0.004217706224991086,-4.8971954315149535,-121.86441518377973
2026-01-04 02:58:42+00:00,STARLINK-1060,STARLINK-1068,36850.22,86,0.0023608444984996426,-31.920488125698856,-159.78300621219034
2026-01-04 02:58:43+00:00,STARLINK-1131,STARLINK-1166,37958.29,2,7.903203668983272e-05,52.66541622580434,151.56084228628444
2026-01-04 02:58:43+00:00,STARLINK-1167,STARLINK-1153,21928.96,86,0.00396717549872412,-33.711428073620986,-98.139600897927
2026-01-04 03:08:41+00:00,STARLINK-1008,STARLINK-1019,41250.57,1,4.848300319236335e-05,45.20029296999279,102.71407460711492
2026-01-04 03:08:42+00:00,STARLINK-1060,STARLINK-1068,45273.28,87,0.0019437084366664696,-51.79088864728374,-118.25490805306828
2026-01-04 03:08:43+00:00,STARLINK-1131,STARLINK-1166,44304.45,3,9.028234675418036e-05,43.47624740633989,-154.84403538501556
2026-01-04 03:08:43+00:00,STARLINK-1166,STARLINK-1169,39693.4,1,5.03849409488492e-05,43.41395717701472,-155.23828348608154
2026-01-04 03:08:43+00:00,STARLINK-1167,STARLINK-1153,32068.11,87,0.0027440736584208292,-52.35619268252303,-54.74737424524327
2026-01-04 03:18:41+00:00,STARLINK-1008,STARLINK-1019,32934.01,2,9.108848000957036e-05,19.523378409200955,133.66220348842538
2026-01-04 03:18:42+00:00,STARLINK-1060,STARLINK-1068,37177.97,88,0.0023938264023989904,-45.84741133504982,-63.02040668121316
2026-01-04 03:18:43+00:00,STARLINK-1166,STARLINK-1169,31585.38,2,9.497764542818771e-05,16.975459932313655,-125.93041403183864
2026-01-04 03:18:43+00:00,STARLINK-1167,STARLINK-1153,25333.74,88,0.0035129628328532283,-44.50598460144851,-0.4759560076095254
2026-01-04 03:28:41+00:00,STARLINK-1008,STARLINK-1019,32464.55,3,0.00012320752305135753,-10.502166692621586,154.47193356763475
2026-01-04 03:28:42+00:00,STARLINK-1060,STARLINK-1068,38850.12,89,0.0023165355335959424,-20.551830092071224,-31.452621126202796
2026-01-04 03:28:43+00:00,STARLINK-1166,STARLINK-1169,31215.24,3,0.00012813843050924774,-13.098141751228804,-105.24795480027804
2026-01-04 03:28:43+00:00,STARLINK-1167,STARLINK-1153,20388.81,89,0.004413969526935268,-18.57591629703839,29.75047861202499
2026-01-04 03:38:41+00:00,STARLINK-1008,STARLINK-1019,35663.21,4,0.0001401965724181189,-38.4001220966736,-179.68028522361558
2026-01-04 03:38:42+00:00,STARLINK-1060,STARLINK-1068,40547.43,90,0.002244229924561814,9.427305619737806,-10.571640850892294
2026-01-04 03:38:43+00:00,STARLINK-1131,STARLINK-1166,45801.38,1,4.366585317182208e-05,-40.39081812033112,-77.76783480631309
2026-01-04 03:38:43+00:00,STARLINK-1166,STARLINK-1169,37443.1,4,0.00013353238560948188,-40.457911844322986,-78.17496637891135
2026-01-04 03:38:43+00:00,STARLINK-1167,STARLINK-1153,20212.57,90,0.004501926181273273,11.46204888871597,50.49415483351402
2026-01-04 03:48:42+00:00,STARLINK-1060,STARLINK-1068,35538.26,91,0.002588686427348234,37.560886976356976,14.868964824734489
2026-01-04 03:48:43+00:00,STARLINK-1131,STARLINK-1166,37824.24,2,7.931212068978281e-05,-53.17802257322607,-27.29755842050716
2026-01-04 03:48:43+00:00,STARLINK-1167,STARLINK-1153,23062.09,91,0.0039890578409051,39.20995819954848,76.84020885772584
2026-01-04 03:58:41+00:00,STARLINK-1008,STARLINK-1019,37292.56,1,5.362856214316896e-05,-40.45959262006964,-80.74444100850653
2026-01-04 03:58:42+00:00,STARLINK-1060,STARLINK-1068,48674.49,92,0.001910612507444712,53.11423907181377,62.55509693247886
2026-01-04 03:58:43+00:00,STARLINK-1131,STARLINK-1166,46704.91,3,8.564226668530813e-05,-38.47468628533613,21.16433624531293
2026-01-04 03:58:43+00:00,STARLINK-1166,STARLINK-1169,36990.24,1,5.406685474723205e-05,-38.40577791998068,20.749252142116447
2026-01-04 03:58:43+00:00,STARLINK-1167,STARLINK-1153,33186.67,92,0.00280224553275358,53.20390618386891,126.28540564782078
2026-01-04 04:08:41+00:00,STARLINK-1008,STARLINK-1019,33118.69,2,9.058055797019838e-05,-13.10602252768435,-53.67737541380716
2026-01-04 04:08:42+00:00,STARLINK-1060,STARLINK-1068,35870.27,93,0.0026204815162663604,41.10146864596668,113.94937383713048
2026-01-04 04:08:43+00:00,STARLINK-1166,STARLINK-1169,31761.38,2,9.44513603829436e-05,-10.521554062500035,46.59270666590321
2026-01-04 04:08:43+00:00,STARLINK-1167,STARLINK-1153,23386.59,93,0.004019225580746028,39.51776701602609,176.06196417419338
2026-01-04 04:18:41+00:00,STARLINK-1008,STARLINK-1019,33498.02,3,0.0001194064781596596,16.957330412183087,-33.00535018377023
2026-01-04 04:18:42+00:00,STARLINK-1060,STARLINK-1068,40438.87,94,0.002349166799992186,13.86463170284548,141.5041342803495
2026-01-04 04:18:43+00:00,STARLINK-1166,STARLINK-1169,32451.55,3,0.00012325687811897678,19.493472322264736,67.39305565086323
2026-01-04 04:18:43+00:00,STARLINK-1167,STARLINK-1153,20471.21,94,0.004640436963083126,11.837850802802684,-157.40078382535552
2026-01-04 04:28:41+00:00,STARLINK-1008,STARLINK-1019,39885.49,4,0.00012535572821774994,43.39393155204332,-3.7252301521969873
2026-01-04 04:28:42+00:00,STARLINK-1060,STARLINK-1068,40163.04,95,0.0023901977988270103,-16.22407427244564,162.17478640936312
2026-01-04 04:28:43+00:00,STARLINK-1131,STARLINK-1166,43598.43,1,4.58721593378629e-05,45.118026216136606,98.7022552926608
2026-01-04 04:28:43+00:00,STARLINK-1166,STARLINK-1169,41394.85,4,0.00012078505454049139,45.17544362154669,98.31369714361377
2026-01-04 04:28:43+00:00,STARLINK-1167,STARLINK-1153,20606.57,95,0.004658482295583613,-18.22084897118328,-136.6650940548588
2026-01-04 04:28:44+00:00,STARLINK-1224,STARLINK-1240,13532.99,1,0.0001477760808157831,53.18629725065654,161.34870922656586
2026-01-04 04:38:42+00:00,STARLINK-1060,STARLINK-1068,36059.26,96,0.002689941780785829,-42.83089278965573,-169.03686984740784
2026-01-04 04:38:43+00:00,STARLINK-1131,STARLINK-1166,38442.46,2,7.803668036123699e-05,52.096920187688106,153.60240973765974
2026-01-04 04:38:43+00:00,STARLINK-1166,STARLINK-1169,49537.36,5,0.00012111826067718026,52.072401883746366,153.25695132916596
2026-01-04 04:38:43+00:00,STARLINK-1167,STARLINK-1153,25313.53,96,0.003831791465217802,-44.26433140698093,-106.6536948604556
2026-01-04 04:48:41+00:00,STARLINK-1008,STARLINK-1019,35260.1,1,5.6719727972184646e-05,34.96686356427885,94.6616879071954
2026-01-04 04:48:42+00:00,STARLINK-1060,STARLINK-1068,47856.39,97,0.0020477506190788924,-52.84164151156085,-116.18170892899208
2026-01-04 04:48:43+00:00,STARLINK-1131,STARLINK-1166,48040.71,3,8.326098300830674e-05,32.77522541472988,-163.84241795085913
2026-01-04 04:48:43+00:00,STARLINK-1166,STARLINK-1169,34421.92,6,0.00020335288232375408,32.69748483964615,-164.26817773043652
2026-01-04 04:48:43+00:00,STARLINK-1167,STARLINK-1153,32154.42,97,0.0030476977131693507,-52.43995958202671,-52.56930428502282
2026-01-04 04:58:41+00:00,STARLINK-1008,STARLINK-1019,32598.24,2,9.202668528468763e-05,6.328912662347375,118.90217438020925
2026-01-04 04:58:42+00:00,STARLINK-1060,STARLINK-1068,35582.57,98,0.0027821829007038923,-35.76572223006371,-70.60899672644895
2026-01-04 04:58:43+00:00,STARLINK-1166,STARLINK-1169,30914.85,7,0.0002587669431699274,3.7023889473612455,-140.88632980171494
2026-01-04 04:58:43+00:00,STARLINK-1167,STARLINK-1153,21812.87,98,0.004538396900687499,-34.02215142834483,-8.860257082105592
2026-01-04 05:08:41+00:00,STARLINK-1008,STARLINK-1019,32818.35,3,0.00012187931814615463,-23.51696026761286,140.11603815698626
2026-01-04 05:08:42+00:00,STARLINK-1060,STARLINK-1068,40656.06,99,0.0024595974229322044,-7.316444475357443,-46.05849760571717
2026-01-04 05:08:43+00:00,STARLINK-1131,STARLINK-1166,49486.46,1,4.041427868797469e-05,-25.89679079502748,-118.8377178217022
2026-01-04 05:08:43+00:00,STARLINK-1166,STARLINK-1169,32639.8,8,0.0002757285360652925,-25.97859434801861,-119.27597073910682
2026-01-04 05:08:43+00:00,STARLINK-1167,STARLINK-1153,20147.16,99,0.004963232374569191,-5.26924156375758,14.973250265419512
2026-01-04 05:18:41+00:00,STARLINK-1008,STARLINK-1019,42741.84,4,0.00011697865654224194,-47.71792914014924,173.91659086970674
2026-01-04 05:18:42+00:00,STARLINK-1060,STARLINK-1068,38636.16,100,0.00261406376659154,22.591044966914737,-24.954068483436505
2026-01-04 05:18:43+00:00,STARLINK-1131,STARLINK-1166,41210.81,2,7.279466735384834e-05,-49.071570537104165,-83.05807442453462
2026-01-04 05:18:43+00:00,STARLINK-1166,STARLINK-1169,44865.63,9,0.00022288279730392057,-49.11519950562101,-83.42676852614848
2026-01-04 05:18:43+00:00,STARLINK-1167,STARLINK-1153,20700.13,100,0.004878960713738815,24.53181820633053,36.351101647300055
2026-01-04 05:28:41+00:00,STARLINK-1008,STARLINK-1019,47645.71,5,0.00012592684783482427,-50.67960706779846,-129.8923945516292
2026-01-04 05:28:42+00:00,STARLINK-1060,STARLINK-1068,38310.63,101,0.0026623769335838753,47.19405863960345,8.232676825328054
2026-01-04 05:28:43+00:00,STARLINK-1131,STARLINK-1166,41030.89,3,9.748515118362815e-05,-49.56119305786972,-26.56683871808817
2026-01-04 05:28:43+00:00,STARLINK-1166,STARLINK-1169,45853.49,10,0.00023988926711430005,-49.520041520034496,-26.93418818664477
2026-01-04 05:28:43+00:00,STARLINK-1167,STARLINK-1153,27899.24,101,0.003655882530042752,48.3508638339751,71.09906928302622
2026-01-04 05:38:41+00:00,STARLINK-1008,STARLINK-1019,33951.52,6,0.00020617026365053317,-29.14952669827796,-91.14504740059188
2026-01-04 05:38:42+00:00,STARLINK-1060,STARLINK-1068,44203.91,102,0.0023300579053322354,50.99595083200667,64.39410501587182
2026-01-04 05:38:43+00:00,STARLINK-1131,STARLINK-1166,49517.78,4,0.00010097179292381597,-26.831806935749466,10.024237229789144
2026-01-04 05:38:43+00:00,STARLINK-1166,STARLINK-1169,33432.35,11,0.00035892305138432136,-26.7524012612008,9.585255006542251
2026-01-04 05:38:43+00:00,STARLINK-1167,STARLINK-1153,29711.18,102,0.003466591815208443,50.14826805080946,127.6653051881746
2026-01-04 05:48:41+00:00,STARLINK-1008,STARLINK-1019,33212.05,7,0.00024086917642312283,0.2370687545559142,-68.85230907414717
2026-01-04 05:48:42+00:00,STARLINK-1060,STARLINK-1068,37294.79,103,0.0027885184896204104,29.794942539226625,103.94265465215484
2026-01-04 05:48:43+00:00,STARLINK-1166,STARLINK-1169,31573.18,12,0.0004117288239947958,2.8560565298625664,31.336267923041987
2026-01-04 05:48:43+00:00,STARLINK-1167,STARLINK-1153,21205.86,103,0.004904073493199841,27.923308493660056,165.42222692437758
2026-01-04 05:58:41+00:00,STARLINK-1008,STARLINK-1019,34556.46,8,0.00026043580749279604,29.60416772421848,-46.42064352392734
2026-01-04 05:58:42+00:00,STARLINK-1060,STARLINK-1068,41396.76,104,0.002536369117556119,0.4261719390750817,126.44333942251788
2026-01-04 05:58:43+00:00,STARLINK-1131,STARLINK-1166,48419.14,1,4.130512633792467e-05,31.867229595253644,54.88740354245228
2026-01-04 05:58:43+00:00,STARLINK-1166,STARLINK-1169,34690.21,13,0.0004035604408148347,31.94405044326242,54.45801374264743
2026-01-04 05:58:43+00:00,STARLINK-1167,STARLINK-1153,20396.49,104,0.005147692191539253,-1.6315225685903618,-172.54064091990358
2026-01-04 06:08:41+00:00,STARLINK-1008,STARLINK-1019,49017.14,9,0.00020400610875892066,50.9081800276179,-7.096114765474089
2026-01-04 06:08:42+00:00,STARLINK-1060,STARLINK-1068,37566.36,105,0.0028215983236511695,-28.9963544637256,148.71398129749713
2026-01-04 06:08:43+00:00,STARLINK-1131,STARLINK-1166,38802.42,2,7.731277294630216e-05,51.79258210101212,96.48882986170923
2026-01-04 06:08:43+00:00,STARLINK-1166,STARLINK-1169,49221.32,14,0.0003047398009683412,51.81968648243679,96.14031216227458
2026-01-04 06:08:43+00:00,STARLINK-1167,STARLINK-1153,21510.03,105,0.004927704531117292,-30.84468408615132,-149.7690764012485
2026-01-04 06:18:41+00:00,STARLINK-1008,STARLINK-1019,43680.09,10,0.00025182521773151723,47.33763561739872,49.10687631281601
2026-01-04 06:18:42+00:00,STARLINK-1060,STARLINK-1068,43022.81,106,0.0024869949918428893,-50.61550260399272,-172.65922270195867
2026-01-04 06:18:43+00:00,STARLINK-1131,STARLINK-1166,43072.85,3,9.286376769199874e-05,45.78903158829935,151.85292017223526
2026-01-04 06:18:43+00:00,STARLINK-1166,STARLINK-1169,41661.54,15,0.000384038035126999,45.73254093374207,151.46901107908897
2026-01-04 06:18:43+00:00,STARLINK-1167,STARLINK-1153,30937.13,106,0.0034585154306352706,-51.39184885275238,-109.33267292549382
2026-01-04 06:28:41+00:00,STARLINK-1008,STARLINK-1019,33209.55,11,0.00036133096260073977,22.8264251525756,82.46985535385139
2026-01-04 06:28:42+00:00,STARLINK-1060,STARLINK-1068,39004.54,107,0.0027688374523208753,-47.80056826049291,-116.42989824376065
2026-01-04 06:28:43+00:00,STARLINK-1166,STARLINK-1169,31954.72,16,0.0005319861358154346,20.31426092883722,-177.02878409004165
2026-01-04 06:28:43+00:00,STARLINK-1167,STARLINK-1153,26641.85,107,0.004053620389710561,-46.59955097888947,-53.64987849988498
2026-01-04 06:38:41+00:00,STARLINK-1008,STARLINK-1019,32512.46,12,0.0003998344070424987,-7.0724563362745805,103.60457740084172
2026-01-04 06:38:42+00:00,STARLINK-1060,STARLINK-1068,38236.87,108,0.0028505771895767206,-23.658394756957765,-82.51798987063655
2026-01-04 06:38:43+00:00,STARLINK-1166,STARLINK-1169,31067.56,17,0.0005793638327621234,-9.687718325269222,-156.1563808346895
2026-01-04 06:38:43+00:00,STARLINK-1167,STARLINK-1153,20543.68,108,0.005305509747535615,-21.71103567411238,-21.24025412241786
2026-01-04 06:48:41+00:00,STARLINK-1008,STARLINK-1019,34707.95,13,0.00040335417810103736,-35.56338139979534,128.06789275270384
2026-01-04 06:48:42+00:00,STARLINK-1060,STARLINK-1068,40797.83,109,0.0026961557476035463,6.175208992841792,-61.286281629692255
2026-01-04 06:48:43+00:00,STARLINK-1131,STARLINK-1166,46765.58,1,4.2765581746623335e-05,-37.66425652515748,-130.2467594913652
2026-01-04 06:48:43+00:00,STARLINK-1166,STARLINK-1169,36093.46,18,0.000526396571662244,-37.7354379173553,-130.66201224913883
2026-01-04 06:48:43+00:00,STARLINK-1167,STARLINK-1153,20188.36,109,0.005448414412343928,8.222263569252975,-0.2468698021120451
2026-01-04 06:58:42+00:00,STARLINK-1060,STARLINK-1068,35974.88,110,0.0030854005517029744,34.83494149752739,-37.09940200981662
2026-01-04 06:58:43+00:00,STARLINK-1131,STARLINK-1166,37842.97,2,7.92728669851498e-05,-53.11640989772684,-82.6408980832087
2026-01-04 06:58:43+00:00,STARLINK-1167,STARLINK-1153,22352.54,110,0.004965656446361516,36.56362431451354,24.704193606623992
2026-01-04 07:08:41+00:00,STARLINK-1008,STARLINK-1019,38953.46,1,5.134200294395045e-05,-43.011881067011366,-133.57885933057466
2026-01-04 07:08:42+00:00,STARLINK-1060,STARLINK-1068,47490.77,111,0.0023583033439267477,52.661377179078805,7.64811138981389
2026-01-04 07:08:43+00:00,STARLINK-1131,STARLINK-1166,45710.73,3,8.75048920703723e-05,-41.15377090495804,-31.40989207068125
2026-01-04 07:08:43+00:00,STARLINK-1166,STARLINK-1169,38437.28,1,5.20314644671926e-05,-41.0889507019868,-31.81656695426639
2026-01-04 07:08:43+00:00,STARLINK-1167,STARLINK-1153,32908.55,111,0.003403267440606146,52.989498824295545,71.31678787136048
2026-01-04 07:18:41+00:00,STARLINK-1008,STARLINK-1019,33197.61,2,9.036522914664198e-05,-16.487025594303837,-104.6603579306972
2026-01-04 07:18:42+00:00,STARLINK-1060,STARLINK-1068,36486.46,112,0.0030969544057054123,43.48504418315097,61.27141765975058
2026-01-04 07:18:43+00:00,STARLINK-1166,STARLINK-1169,31965.67,2,9.384774829533387e-05,-13.924095964248096,-4.330713397460566
2026-01-04 07:18:43+00:00,STARLINK-1167,STARLINK-1153,24338.8,112,0.004642601829102951,42.00401843902496,123.59126786253287
2026-01-04 07:28:41+00:00,STARLINK-1008,STARLINK-1019,33442.6,3,0.00011960434881412289,13.577909521194412,-84.00308575994659
2026-01-04 07:28:42+00:00,STARLINK-1060,STARLINK-1068,39986.09,113,0.0028509201344734014,17.063445454133745,90.64776110032074
2026-01-04 07:28:43+00:00,STARLINK-1166,STARLINK-1169,32167.77,3,0.00012434420091287295,16.14518677335061,16.322750323445884
2026-01-04 07:28:43+00:00,STARLINK-1167,STARLINK-1153,20551.55,113,0.005546756971762628,15.053435231718852,151.79126329492863
2026-01-04 07:38:41+00:00,STARLINK-1008,STARLINK-1019,38239.82,4,0.00013075033432860487,40.86464941562911,-56.62809393061183
2026-01-04 07:38:42+00:00,STARLINK-1060,STARLINK-1068,40636.91,114,0.0028298699416382384,-13.020397802831967,111.34162632175128
2026-01-04 07:38:43+00:00,STARLINK-1131,STARLINK-1166,44795.76,1,4.464608601157762e-05,42.739306234954434,45.52001008056224
2026-01-04 07:38:43+00:00,STARLINK-1166,STARLINK-1169,39613.06,4,0.00012621781256452887,42.802166214552486,45.12137138457722
2026-01-04 07:38:43+00:00,STARLINK-1167,STARLINK-1153,20544.68,114,0.005597283711222992,-15.0397182807902,172.45219668068643
2026-01-04 07:48:42+00:00,STARLINK-1060,STARLINK-1068,35769.12,115,0.0032429301327476672,-40.40611672743628,138.3895973790429
2026-01-04 07:48:43+00:00,STARLINK-1131,STARLINK-1166,37733.47,2,7.950290543367907e-05,52.84920249412833,98.4539580779658
2026-01-04 07:48:43+00:00,STARLINK-1167,STARLINK-1153,24258.35,115,0.00478166150370888,-41.95024083542268,-159.43458027396687
2026-01-04 07:58:41+00:00,STARLINK-1008,STARLINK-1019,36389.73,1,5.4959051384789476e-05,37.83754908029785,42.46096558816894
2026-01-04 07:58:42+00:00,STARLINK-1060,STARLINK-1068,48788.07,116,0.002398078094130509,-53.17705821179062,-171.10497688381497
2026-01-04 07:58:43+00:00,STARLINK-1131,STARLINK-1166,47242.1,3,8.466844893751681e-05,35.73669493886256,144.16291308321073
2026-01-04 07:58:43+00:00,STARLINK-1166,STARLINK-1169,35479.66,1,5.6368737221911874e-05,35.661978080461,143.74391865829838
2026-01-04 07:58:43+00:00,STARLINK-1167,STARLINK-1153,32951.56,116,0.0035505587426287975,-53.0092453849017,-107.40209678064876
2026-01-04 08:08:41+00:00,STARLINK-1008,STARLINK-1019,32690.6,2,9.176669236134053e-05,9.764602408033868,68.04327608214601
2026-01-04 08:08:42+00:00,STARLINK-1060,STARLINK-1068,35334.25,117,0.003339441492560545,-38.44451864198548,-122.65704199683184
2026-01-04 08:08:43+00:00,STARLINK-1166,STARLINK-1169,31021.88,2,9.670282062787206e-05,7.146992719086933,168.28428865095358
2026-01-04 08:08:43+00:00,STARLINK-1167,STARLINK-1153,22433.92,117,0.005259657712173701,-36.7739198199562,-60.74418581409098
2026-01-04 08:18:41+00:00,STARLINK-1008,STARLINK-1019,32705.77,3,0.00012229883904769562,-20.229809088126974,88.89917146709597
2026-01-04 08:18:42+00:00,STARLINK-1060,STARLINK-1068,40399.89,118,0.002945479666413289,-10.560875451505163,-96.78609431249224
2026-01-04 08:18:43+00:00,STARLINK-1131,STARLINK-1166,49944.09,1,4.0043976294766916e-05,-22.656158256875077,-170.16064750039328
2026-01-04 08:18:43+00:00,STARLINK-1166,STARLINK-1169,32149.92,3,0.0001244132360753596,-22.73978259175421,-170.6027534225077
2026-01-04 08:18:43+00:00,STARLINK-1167,STARLINK-1153,20199.99,118,0.005890800401366467,-8.5219830141874,-35.728926489803506
2026-01-04 08:28:41+00:00,STARLINK-1008,STARLINK-1019,40516.46,4,0.00012340358946488748,-45.63581011225586,120.24258832813015
2026-01-04 08:28:42+00:00,STARLINK-1060,STARLINK-1068,39270.21,119,0.003055673609241987,19.462988015312085,-75.98192041758598
2026-01-04 08:28:43+00:00,STARLINK-1131,STARLINK-1166,42453.67,2,7.066360426308815e-05,-47.19260691018762,-137.0367186335977
2026-01-04 08:28:43+00:00,STARLINK-1166,STARLINK-1169,42749.91,4,0.00011695657472554386,-47.24360637407686,-137.4157665861223
2026-01-04 08:28:43+00:00,STARLINK-1167,STARLINK-1153,20545.94,119,0.005840285706776776,21.436891471324127,-14.753389991208357
2026-01-04 08:38:41+00:00,STARLINK-1008,STARLINK-1019,49855.5,5,0.00012034539127295338,-51.89510877251792,175.33055062954347
2026-01-04 08:38:42+00:00,STARLINK-1060,STARLINK-1068,36838.0,120,0.003284562555986862,45.16023929757752,-45.0700177782167
2026-01-04 08:38:43+00:00,STARLINK-1131,STARLINK-1166,39835.89,3,0.00010040944461276972,-51.03507962065099,-81.06947773335061
2026-01-04 08:38:43+00:00,STARLINK-1166,STARLINK-1169,47850.16,5,0.00012538880980105812,-51.002341369066,-81.42686267575712
2026-01-04 08:38:43+00:00,STARLINK-1167,STARLINK-1153,26534.34,120,0.004559956646494826,46.46663256032772,17.561858243503693
2026-01-04 08:48:41+00:00,STARLINK-1008,STARLINK-1019,34514.44,6,0.00020280778689189534,-32.23045131503678,-142.84800947880544
2026-01-04 08:48:42+00:00,STARLINK-1060,STARLINK-1068,46488.7,121,0.0026242371966263495,52.07680546405994,9.8799509263264
2026-01-04 08:48:43+00:00,STARLINK-1131,STARLINK-1166,48939.29,4,0.00010216531205679411,-29.975958008784072,-41.52430001222312
2026-01-04 08:48:43+00:00,STARLINK-1166,STARLINK-1169,34103.92,6,0.00020524897873972438,-29.898546031141496,-41.95834534002021
2026-01-04 08:48:43+00:00,STARLINK-1167,STARLINK-1153,31098.01,121,0.003922954460608232,51.43447074267282,73.35347913402136
2026-01-04 08:58:41+00:00,STARLINK-1008,STARLINK-1019,33224.53,7,0.0002407787024014365,-3.215773315277189,-119.66004839543228
2026-01-04 08:58:42+00:00,STARLINK-1060,STARLINK-1068,36684.16,122,0.0033528543967097316,32.70168239659828,52.37888515974664
2026-01-04 08:58:43+00:00,STARLINK-1166,STARLINK-1169,31562.38,7,0.0002534582798166736,-0.5953698545315194,-19.4696459539683
2026-01-04 08:58:43+00:00,STARLINK-1167,STARLINK-1153,21566.7,122,0.0057029725005447954,30.880881823446124,113.98284004930356
2026-01-04 09:08:41+00:00,STARLINK-1008,STARLINK-1019,34183.5,8,0.0002632772162822332,26.442593765473276,-97.95336189150125
2026-01-04 09:08:42+00:00,STARLINK-1060,STARLINK-1068,41361.03,123,0.002997918622466064,3.6960894385980594,75.77015805969916
2026-01-04 09:08:43+00:00,STARLINK-1131,STARLINK-1166,49072.1,1,4.075552593987337e-05,28.77088129021739,3.2057679846745484
2026-01-04 09:08:43+00:00,STARLINK-1166,STARLINK-1169,33926.27,8,0.00026527333322132906,28.849957595420875,2.770807470026458
2026-01-04 09:08:43+00:00,STARLINK-1167,STARLINK-1153,20422.35,123,0.006071481906739101,1.6375900631430658,136.79075084455354
2026-01-04 09:18:41+00:00,STARLINK-1008,STARLINK-1019,46589.52,9,0.00021463593881330368,49.395472160649724,-61.58193578249846
2026-01-04 09:18:42+00:00,STARLINK-1060,STARLINK-1068,38304.54,124,0.0032632355528730305,-25.995052371768526,97.39181364791564
2026-01-04 09:18:43+00:00,STARLINK-1131,STARLINK-1166,39897.12,2,7.519151278305844e-05,50.53851187884304,41.73012397009285
2026-01-04 09:18:43+00:00,STARLINK-1166,STARLINK-1169,47376.53,9,0.0002110705222496825,50.57489368598764,41.372537760240206
2026-01-04 09:18:43+00:00,STARLINK-1167,STARLINK-1153,21217.39,124,0.005891116149717298,-27.892042680451887,158.79995949374072
2026-01-04 09:28:41+00:00,STARLINK-1008,STARLINK-1019,46308.68,10,0.00023753133254213806,49.20180313776634,-4.921870420903552
2026-01-04 09:28:42+00:00,STARLINK-1060,STARLINK-1068,40746.48,125,0.0030922157640177993,-49.12967155664326,133.27394831427182
2026-01-04 09:28:43+00:00,STARLINK-1131,STARLINK-1166,41782.96,3,9.573051477169708e-05,47.85705112857001,98.13687549842064
2026-01-04 09:28:43+00:00,STARLINK-1166,STARLINK-1169,43765.81,10,0.00025133200249229955,47.80732339017039,97.7637523801006
2026-01-04 09:28:43+00:00,STARLINK-1167,STARLINK-1153,29619.89,125,0.004253754698120144,-50.09830221610004,-163.61365496402783
2026-01-04 09:38:41+00:00,STARLINK-1008,STARLINK-1019,33573.61,11,0.00035741293793137134,26.070488518987624,31.13221844785036
2026-01-04 09:38:42+00:00,STARLINK-1060,STARLINK-1068,41282.4,126,0.0030762970104206535,-49.501948570490136,-170.21472534335945
2026-01-04 09:38:43+00:00,STARLINK-1131,STARLINK-1166,49750.78,4,0.00010049891682267449,23.68681906782238,132.18822398404785
2026-01-04 09:38:43+00:00,STARLINK-1166,STARLINK-1169,32408.04,11,0.0003702670612890724,23.60284905805752,131.74795478947138
2026-01-04 09:38:43+00:00,STARLINK-1167,STARLINK-1153,28091.95,126,0.004520707152506234,-48.46212653509615,-107.19597604691116
2026-01-04 09:48:41+00:00,STARLINK-1008,STARLINK-1019,32574.76,12,0.0003990697377436474,-3.626823257934047,52.77542680012807
2026-01-04 09:48:42+00:00,STARLINK-1060,STARLINK-1068,37589.67,127,0.0034051002549302795,-26.70878108574588,-133.71869131454145
2026-01-04 09:48:43+00:00,STARLINK-1166,STARLINK-1169,30952.82,12,0.0004199804741385716,-6.255343324005379,152.98832308188295
2026-01-04 09:48:43+00:00,STARLINK-1167,STARLINK-1153,20757.58,127,0.006166125043235134,-24.79637289006932,-72.3516826998084
2026-01-04 09:58:41+00:00,STARLINK-1008,STARLINK-1019,34015.48,13,0.00041156521780031323,-32.599583372783684,76.09474883816652
2026-01-04 09:58:42+00:00,STARLINK-1060,STARLINK-1068,40953.66,128,0.0031498247085923795,2.9115810638510915,-111.9704904616532
2026-01-04 09:58:43+00:00,STARLINK-1131,STARLINK-1166,47611.25,1,4.200599635597982e-05,-34.793552253012145,177.5806557622219
2026-01-04 09:58:43+00:00,STARLINK-1166,STARLINK-1169,34933.02,13,0.000400755481333096,-34.8682448237497,177.15828104249798
2026-01-04 09:58:43+00:00,STARLINK-1167,STARLINK-1153,20188.02,128,0.006389611779075953,4.966723857625825,-50.94720065855503
2026-01-04 10:08:41+00:00,STARLINK-1008,STARLINK-1019,49694.68,14,0.00030183710133355657,-52.019333273713656,118.30847955370976
2026-01-04 10:08:42+00:00,STARLINK-1060,STARLINK-1068,36583.14,129,0.003553452397678338,32.000192683524446,-88.82477334045582
2026-01-04 10:08:43+00:00,STARLINK-1131,STARLINK-1166,38275.09,2,7.83779116414451e-05,-52.63362749853404,-137.89574626149013
2026-01-04 10:08:43+00:00,STARLINK-1167,STARLINK-1153,21797.06,129,0.005963833478759118,33.796580544814375,-27.168706135979843
2026-01-04 10:18:41+00:00,STARLINK-1008,STARLINK-1019,40961.61,15,0.0003906001106863064,-45.36217830748238,173.20612680235087
2026-01-04 10:18:42+00:00,STARLINK-1060,STARLINK-1068,45556.99,130,0.0028754560945291924,51.841992868121096,-47.068182196228605
2026-01-04 10:18:43+00:00,STARLINK-1131,STARLINK-1166,44586.07,3,8.971210711984439e-05,-43.65410670777286,-84.33936729492596
2026-01-04 10:18:43+00:00,STARLINK-1166,STARLINK-1169,40095.5,1,4.987966530744579e-05,-43.59400544873355,-84.73652167910815
2026-01-04 10:18:43+00:00,STARLINK-1167,STARLINK-1153,32136.4,130,0.004076247611816762,52.3990549787768,16.47184622296092
2026-01-04 10:28:41+00:00,STARLINK-1008,STARLINK-1019,33330.3,16,0.0005100311118978257,-19.829011188199694,-155.73966841779134
2026-01-04 10:28:42+00:00,STARLINK-1060,STARLINK-1068,37691.94,131,0.003501982068790601,45.68079904666988,8.244957774020834
2026-01-04 10:28:43+00:00,STARLINK-1166,STARLINK-1169,32204.31,2,9.315234040597654e-05,-17.294655263406636,-55.333416873356846
2026-01-04 10:28:43+00:00,STARLINK-1167,STARLINK-1153,25467.41,131,0.005182891275898259,44.32017037738216,70.7896560757494
2026-01-04 10:38:41+00:00,STARLINK-1008,STARLINK-1019,33416.04,17,0.0005386473487777494,10.167725794824936,-134.9231906969859
2026-01-04 10:38:42+00:00,STARLINK-1060,STARLINK-1068,39453.87,132,0.003370940013235375,20.22612662699133,39.70086898953458
2026-01-04 10:38:43+00:00,STARLINK-1166,STARLINK-1169,31917.98,3,0.00012531728770781523,12.759196262356056,-34.65312829060276
2026-01-04 10:38:43+00:00,STARLINK-1167,STARLINK-1153,20667.42,132,0.006434937939136132,18.23810696708893,100.9050439107175
2026-01-04 10:48:41+00:00,STARLINK-1008,STARLINK-1019,36946.85,18,0.0005142383115661669,38.1588843470288,-109.17749568867892
2026-01-04 10:48:42+00:00,STARLINK-1060,STARLINK-1068,41009.1,133,0.0032674877652090584,-9.789844602311442,60.57431286930707
2026-01-04 10:48:43+00:00,STARLINK-1131,STARLINK-1166,45890.56,1,4.358099833607749e-05,40.16141108708743,-7.283543267267016
2026-01-04 10:48:43+00:00,STARLINK-1166,STARLINK-1169,38009.58,4,0.00013154232321632554,40.22888078023566,-7.691428197531608
2026-01-04 10:48:43+00:00,STARLINK-1167,STARLINK-1153,20509.44,133,0.006533258184612325,-11.82698688573423,121.64687524935005
2026-01-04 10:58:42+00:00,STARLINK-1060,STARLINK-1068,35880.41,134,0.0037623939527460038,-37.828115390462784,86.12516739628825
2026-01-04 10:58:43+00:00,STARLINK-1131,STARLINK-1166,37380.6,2,8.025338669291844e-05,53.18676832874432,43.130234741059134
2026-01-04 10:58:43+00:00,STARLINK-1167,STARLINK-1153,23364.98,134,0.005777630555191779,-39.46714169534141,148.1122985834406
2026-01-04 11:08:41+00:00,STARLINK-1008,STARLINK-1019,37843.67,1,5.2847600467912654e-05,40.56241164359875,-10.051245435654566
2026-01-04 11:08:42+00:00,STARLINK-1060,STARLINK-1068,48715.67,135,0.0027916522208927667,-53.13272000469996,133.92633015080375
2026-01-04 11:08:43+00:00,STARLINK-1131,STARLINK-1166,46327.23,3,8.63404451238478e-05,38.57010288055601,91.88530086996128
2026-01-04 11:08:43+00:00,STARLINK-1166,STARLINK-1169,36723.92,1,5.445893415152436e-05,38.498994842861904,91.47404092463368
2026-01-04 11:08:43+00:00,STARLINK-1167,STARLINK-1153,33250.61,135,0.004090027520471941,-53.204301585337376,-162.3523441875824
2026-01-04 11:18:41+00:00,STARLINK-1008,STARLINK-1019,32826.71,2,9.138621000368287e-05,13.179107242515196,17.129888645594477
2026-01-04 11:18:42+00:00,STARLINK-1060,STARLINK-1068,35444.82,136,0.0038650537637442157,-40.98795049918343,-174.98962131337947
2026-01-04 11:18:43+00:00,STARLINK-1166,STARLINK-1169,31158.31,2,9.627941055177409e-05,10.576677726738586,117.41539746287911
2026-01-04 11:18:43+00:00,STARLINK-1167,STARLINK-1153,23213.13,136,0.005901578047508134,-39.40368330755013,-112.89203763313316
2026-01-04 11:28:41+00:00,STARLINK-1008,STARLINK-1019,32660.24,3,0.00012246932449594687,-16.891899361300528,37.80554709871733
2026-01-04 11:28:42+00:00,STARLINK-1060,STARLINK-1068,40036.17,137,0.0034467970638284375,-13.784034607444887,-147.5661153176916
2026-01-04 11:28:43+00:00,STARLINK-1166,STARLINK-1169,31748.16,3,0.00012598758518335602,-19.441554588396052,138.2135467538222
2026-01-04 11:28:43+00:00,STARLINK-1167,STARLINK-1153,20269.83,137,0.0068078120136175965,-11.75774727447933,-86.47280092430618
2026-01-04 11:38:41+00:00,STARLINK-1008,STARLINK-1019,38597.07,4,0.00012954015576426489,-43.31220758466652,66.97770386775923
2026-01-04 11:38:42+00:00,STARLINK-1060,STARLINK-1068,39808.65,138,0.003491615726337709,16.29232669020164,-126.9037282368052
2026-01-04 11:38:43+00:00,STARLINK-1131,STARLINK-1166,43666.59,1,4.5800558263004674e-05,-45.0446007396461,169.4019599352921
2026-01-04 11:38:43+00:00,STARLINK-1166,STARLINK-1169,40722.91,4,0.00012277799454914814,-45.10208099758525,169.01279139828472
2026-01-04 11:38:43+00:00,STARLINK-1167,STARLINK-1153,20426.61,138,0.00680451604470616,18.29346991614538,-65.73826976021846
2026-01-04 11:48:42+00:00,STARLINK-1060,STARLINK-1068,35943.95,139,0.0038948447556610877,42.91627929241875,-98.0072907464844
2026-01-04 11:48:43+00:00,STARLINK-1131,STARLINK-1166,38828.68,2,7.726048733855134e-05,-52.15180895242812,-135.93093443811344
2026-01-04 11:48:43+00:00,STARLINK-1166,STARLINK-1169,49520.25,5,0.00012116010803442967,-52.12842748642135,-136.27995927798753
2026-01-04 11:48:43+00:00,STARLINK-1167,STARLINK-1153,25267.81,139,0.005540427111526028,44.352414387389466,-35.60117779531416
2026-01-04 11:58:41+00:00,STARLINK-1008,STARLINK-1019,35295.41,1,5.666298640569961e-05,-35.207498192174164,165.2113010228767
2026-01-04 11:58:42+00:00,STARLINK-1060,STARLINK-1068,48236.44,140,0.0029230406920433584,52.80774427218488,-44.89290795041347
2026-01-04 11:58:43+00:00,STARLINK-1131,STARLINK-1166,48264.41,3,8.287508590520623e-05,-33.029217504303894,-93.28488355366264
2026-01-04 11:58:43+00:00,STARLINK-1166,STARLINK-1169,34914.9,6,0.00020048172895443048,-32.954251268687194,-93.71318681032156
2026-01-04 11:58:43+00:00,STARLINK-1167,STARLINK-1153,32256.54,140,0.004371071073615657,52.388349117282665,18.73757108056031
2026-01-04 12:08:41+00:00,STARLINK-1008,STARLINK-1019,33246.14,2,9.023332533264516e-05,-6.661509441692199,-170.48495683654852
2026-01-04 12:08:42+00:00,STARLINK-1060,STARLINK-1068,36185.81,141,0.003924081730332129,35.51254067747806,0.5957371996033188
2026-01-04 12:08:43+00:00,STARLINK-1166,STARLINK-1169,31585.37,7,0.0002532738013263316,-4.045264962918103,-70.27856023915895
2026-01-04 12:08:43+00:00,STARLINK-1167,STARLINK-1153,22035.49,141,0.006443857438276241,33.75252704941667,62.34318251705799
2026-01-04 12:18:41+00:00,STARLINK-1008,STARLINK-1019,33941.07,3,0.00011784785076455266,23.207202272288725,-149.30873047201447
2026-01-04 12:18:42+00:00,STARLINK-1060,STARLINK-1068,41211.04,142,0.003469859778841329,6.959270195011649,25.07880415110985
2026-01-04 12:18:43+00:00,STARLINK-1131,STARLINK-1166,49618.65,1,4.0306612400530836e-05,25.58979482463,-48.27550770764117
2026-01-04 12:18:43+00:00,STARLINK-1166,STARLINK-1169,33306.04,8,0.00027021314412808826,25.67082194895154,-48.715116825654846
2026-01-04 12:18:43+00:00,STARLINK-1167,STARLINK-1153,20445.81,142,0.006993755994211321,4.904044514424683,86.11390462727353
2026-01-04 12:28:41+00:00,STARLINK-1008,STARLINK-1019,44164.38,4,0.00011321084523669897,47.5652583348128,-115.6580528323412
2026-01-04 12:28:42+00:00,STARLINK-1060,STARLINK-1068,39011.43,143,0.003691131262523252,-22.9290394623572,46.22386373657446
2026-01-04 12:28:43+00:00,STARLINK-1131,STARLINK-1166,41150.13,2,7.290200779419666e-05,48.93852419696147,-12.647254781343138
2026-01-04 12:28:43+00:00,STARLINK-1166,STARLINK-1169,45293.14,9,0.00022077911182329546,48.98318332404344,-13.015275641711204
2026-01-04 12:28:43+00:00,STARLINK-1167,STARLINK-1153,20992.89,143,0.006859138539832305,-24.86705909832025,107.53944423057136
2026-01-04 12:38:41+00:00,STARLINK-1008,STARLINK-1019,48941.09,5,0.00012259386552556297,50.75296220047328,-59.36332512723919
2026-01-04 12:38:42+00:00,STARLINK-1060,STARLINK-1068,38758.43,144,0.0037410250873142355,-47.36625483414034,79.57528691179685
2026-01-04 12:38:43+00:00,STARLINK-1131,STARLINK-1166,40504.9,3,9.875104614389508e-05,49.641657076258895,43.9995441387025
2026-01-04 12:38:43+00:00,STARLINK-1166,STARLINK-1169,45914.34,10,0.00023957135022848575,49.5997358475324,43.63705207843058
2026-01-04 12:38:43+00:00,STARLINK-1167,STARLINK-1153,28221.92,144,0.005137668249777132,-48.50658542985227,142.456831429839
